,Crude1,WTI_Midland,Brent,RBOB,Ethanol,Corn,CAD_Heavy,VIX,ULSD,OPEC_Basket,RBOB_Crack,GC_ULSD_Crack,NY_ULSD_Crack,NG_HB,S_P,VLO
2017-01-05,53.76,-0.06,56.89,1.6377,1.507,361.25,-15.044,13.025,1.6942,53.02,21.45,14.58,17.13,3.273,2264.3,60.913052
2017-01-06,53.99,-0.11,57.1,1.634,1.551,358.0,-14.459,12.875,1.7032,53.5,21.45,14.69,17.27,3.285,2271.5,59.995036999999996
2017-01-09,51.96,-0.22,54.94,1.5707,1.524,360.0,-14.296,12.925,1.6376,52.85,20.94,14.27,16.68,3.103,2265.0,59.73403199999999
2017-01-10,50.82,-0.17,53.64,1.5467,1.503,358.25,-14.193,12.875,1.6114,51.46,21.15,14.44,16.72,3.278,2263.7,59.878029000000005
2017-01-11,52.25,-0.17,55.1,1.5929,1.492,357.25,-14.232,12.525,1.6524,50.98,21.64,14.67,16.96,3.224,2270.6,60.373043
2017-01-12,53.01,-0.22,56.01,1.6108,1.475,358.25,-14.234,12.475,1.6756,52.3,21.59,14.63,17.08,3.386,2263.4,59.869034
2017-01-13,52.37,-0.27,55.45,1.6117,1.476,358.5,-14.203,12.175,1.6514,52.64,22.24,14.42,16.88,3.419,2272.5,59.752033
2017-01-17,52.48,-0.18,55.47,1.6004,1.506,365.5,-14.084,12.175,1.6486,52.6,21.92,14.28,16.75,3.412,2262.7,59.572033
2017-01-18,51.08,0.03,53.92,1.5487,1.503,365.0,-14.084,14.175,1.6092,52.22,21.53,13.9,16.61,3.302,2266.6,60.076035
2017-01-19,51.37,0.09,54.16,1.5345,1.475,366.25,-14.084,14.225,1.6183,51.45,21.09,14.05,16.68,3.368,2261.6,59.464024
2017-01-20,52.42,0.19,55.49,1.566,1.49,369.75,-14.0,13.825,1.6459,51.8,21.31,14.1,16.7,3.204,2265.9,59.617027
2017-01-23,52.75,0.36,55.23,1.5667,1.492,369.5,-13.85,13.575,1.6265,52.1,21.81,14.0,16.58,3.243,2262.0,59.62603000000001
2017-01-24,53.18,0.28,55.44,1.5759,1.461,363.25,-14.0,13.025,1.6415,52.51,21.96,14.18,16.64,3.279,2274.6,61.075054
2017-01-25,52.75,0.28,55.08,1.5238,1.441,366.25,-13.65,12.725,1.6114,52.14,20.89,13.98,16.43,3.332,2293.9,61.498066
2017-01-26,53.78,0.37,56.24,1.5427,1.461,363.75,-13.5,12.675,1.6409,52.91,20.7,14.1,16.47,3.382,2294.1,60.634052000000004
2017-01-27,53.17,0.37,55.52,1.5271,1.476,362.5,-13.4,12.525,1.6189,52.88,20.48,14.07,16.43,3.391,2289.1,60.580051
2017-01-30,52.63,0.22,55.23,1.5055,1.48,357.75,-13.35,12.875,1.6067,52.78,20.29,14.1,16.43,3.232,2276.0,61.408073
2017-01-31,52.81,0.22,55.58,1.5256,1.493,359.75,-13.3,12.925,1.6117,52.19,20.72,14.11,16.43,3.117,2274.5,59.185013
2017-02-01,53.88,0.17,56.8,1.5791,1.481,368.25,-13.667,12.675,1.674,52.76,20.82,14.12,16.27,3.168,2274.5,58.834011
2017-02-02,53.54,0.22,56.56,1.5329,1.489,367.5,-13.556,12.925,1.6518,53.93,19.71,14.12,15.71,3.187,2275.4,58.879017000000005
2017-02-03,53.83,0.22,56.81,1.5537,1.489,365.25,-13.602,12.475,1.6651,54.24,20.22,14.16,15.94,3.063,2291.0,58.960014
2017-02-06,53.01,0.27,55.72,1.5103,1.54,363.75,-13.689,12.475,1.6352,53.77,19.59,13.83,15.58,3.05,2286.5,58.60000600000001
2017-02-07,52.17,0.27,55.05,1.4875,1.572,368.5,-13.825,12.575,1.6221,52.78,19.47,14.13,15.81,3.13,2288.4,58.897003000000005
2017-02-08,52.34,0.37,55.12,1.5527,1.604,370.75,-14.197,12.575,1.636,52.13,20.93,14.6,16.12,3.126,2290.2,60.373043
2017-02-09,53.0,0.37,55.63,1.5702,1.589,369.5,-14.029,12.025,1.6415,52.76,20.9,14.27,15.86,3.141,2304.3,60.859058
2017-02-10,53.86,0.42,56.7,1.5896,1.601,374.5,-14.14,11.725,1.6659,53.23,20.83,14.38,15.96,3.034,2312.7,60.724045
2017-02-13,52.93,0.28,55.59,1.5446,1.585,375.5,-14.036,11.425,1.6273,53.47,20.34,13.97,15.55,2.944,2326.3,60.969593
2017-02-14,53.2,0.33,55.97,1.5467,1.542,374.25,-14.035,11.175,1.6382,53.31,20.28,14.07,15.65,2.905,2337.0,61.497085999999996
2017-02-15,53.11,0.28,55.75,1.5479,1.553,378.75,-14.021,12.875,1.6305,53.1,20.44,13.96,15.55,2.925,2350.4,61.624396999999995
2017-02-16,53.36,0.13,55.65,1.5247,1.541,373.5,-14.021,12.975,1.6291,53.14,19.48,14.0,15.44,2.854,2345.6,60.569435
2017-02-17,53.4,-0.16,55.81,1.5166,1.52,368.25,-14.021,13.125,1.6364,53.11,19.28,14.1,15.55,2.834,2347.9,59.559937
2017-02-21,54.06,-0.16,56.66,1.494,1.498,369.25,-14.1,13.175,1.6425,53.88,17.97,14.01,15.45,2.564,2360.0,60.26931
2017-02-22,53.59,-0.16,55.84,1.5133,1.504,371.0,-14.35,13.225,1.6296,53.48,19.15,14.2,15.49,2.592,2360.9,60.03286
2017-02-23,54.45,-0.26,56.58,1.5286,1.506,365.5,-13.95,13.525,1.6567,53.95,18.84,14.17,15.55,2.617,2362.8,60.960499
2017-02-24,53.99,-0.21,55.99,1.5148,1.504,364.0,-13.6,13.325,1.6404,53.61,18.83,14.13,15.52,2.627,2364.9,60.678577000000004
2017-02-27,54.05,-0.31,55.93,1.5327,1.505,360.25,-13.75,13.275,1.6399,53.85,18.97,14.12,15.51,2.693,2368.3,61.151478000000004
2017-02-28,54.01,-0.36,56.51,1.512,1.525,366.75,-13.95,13.525,1.6208,53.4,18.47,14.08,15.47,2.774,2362.8,61.797192
2017-03-01,53.83,-0.4,56.36,1.678,1.521,375.75,-13.801,13.275,1.6241,54.15,16.49,14.1,14.22,2.799,2393.5,62.279202000000005
2017-03-02,52.61,-0.5,55.08,1.6433,1.477,372.75,-14.03,13.275,1.5791,53.74,16.26,14.1,13.59,2.804,2381.9,60.433014
2017-03-03,53.33,-0.48,55.9,1.6531,1.477,374.75,-14.235,12.825,1.5936,53.01,15.98,12.11,13.48,2.827,2381.2,60.096518999999994
2017-03-06,53.2,-0.47,56.01,1.6723,1.506,372.75,-14.273,12.675,1.6045,53.13,16.78,12.51,13.98,2.901,2375.4,60.423931
2017-03-07,53.14,-0.55,55.92,1.6798,1.491,369.5,-14.167,12.625,1.6139,53.54,17.09,12.86,14.35,2.824,2366.4,59.678185
2017-03-08,50.28,-0.58,53.11,1.6526,1.485,365.25,-14.248,12.675,1.5567,52.69,18.42,13.15,14.7,2.901,2364.1,60.814994999999996
2017-03-09,49.28,-0.58,52.19,1.6243,1.488,359.75,-14.323,12.775,1.5295,50.82,18.27,13.01,14.59,2.974,2366.3,60.460304
2017-03-10,48.49,-0.59,51.37,1.6001,1.52,358.0,-14.329,12.525,1.5036,49.81,18.12,12.79,14.39,3.008,2371.8,60.542156000000006
2017-03-13,48.4,-0.63,51.35,1.5807,1.533,354.5,-14.355,12.125,1.5006,49.0,17.65,12.74,14.36,3.043,2375.0,61.533466000000004
2017-03-14,47.72,-0.7,50.92,1.5835,1.519,353.75,-14.397,12.625,1.4919,48.63,18.1,12.9,14.52,2.938,2366.4,61.333378
2017-03-15,48.86,-0.65,51.81,1.5834,1.536,363.5,-14.371,12.275,1.5124,49.17,17.5,12.78,14.41,2.981,2383.7,62.506572999999996
2017-03-16,48.75,-0.7,51.74,1.5942,1.556,366.0,-14.366,11.925,1.5043,49.7,17.79,12.73,14.29,2.902,2382.7,62.342873
2017-03-17,48.78,-0.82,51.76,1.5989,1.541,367.5,-14.366,11.775,1.5085,49.36,17.87,12.8,14.35,2.948,2385.8,62.661170999999996
2017-03-20,48.22,-0.97,51.62,1.6113,1.529,363.5,-14.366,11.625,1.5141,49.18,18.28,13.09,14.63,3.041,2370.3,62.32468000000001
2017-03-21,47.34,-0.99,50.96,1.6052,1.522,361.25,-12.65,12.175,1.5033,49.23,18.46,13.24,14.74,3.093,2342.2,61.069637
2017-03-22,48.04,-0.92,50.64,1.6019,1.537,358.75,-12.65,13.925,1.4968,48.28,18.46,13.24,14.7,3.011,2342.6,61.451599
2017-03-23,47.7,-0.97,50.56,1.5896,1.537,356.75,-12.7,14.275,1.4901,48.35,18.42,13.24,14.73,3.051,2340.0,61.024166
2017-03-24,47.97,-1.0,50.8,1.6048,1.557,356.25,-12.45,13.925,1.4976,48.26,18.52,13.28,14.74,3.076,2344.8,59.823689
2017-03-27,47.73,-0.91,50.75,1.6189,1.54,355.75,-12.25,13.575,1.5025,48.25,18.69,13.39,14.83,3.052,2338.4,60.232937
2017-03-28,48.37,-0.91,51.33,1.6349,1.56,357.75,-12.25,12.925,1.5167,48.84,18.7,13.37,14.83,3.096,2351.4,60.287514
2017-03-29,49.51,-0.91,52.42,1.672,1.566,358.5,-12.15,12.925,1.5425,49.54,18.76,13.36,14.82,3.175,2357.0,61.060531999999995
2017-03-30,50.35,-0.91,52.96,1.6812,1.585,357.5,-11.65,12.825,1.5582,50.2,18.72,13.35,14.81,3.191,2364.6,60.232937
2017-03-31,50.6,-0.92,53.53,1.7001,1.614,364.25,-11.4,13.275,1.5736,50.43,18.74,13.36,14.83,3.19,2359.2,60.287514
2017-04-03,50.24,-0.93,53.12,1.6937,1.635,367.75,-10.45,13.475,1.5634,50.69,20.75,13.36,15.27,3.128,2356.1,60.232937
2017-04-04,51.03,-0.93,54.17,1.7217,1.649,363.0,-10.199,13.225,1.5923,50.6,21.11,13.36,15.67,3.293,2356.6,59.850970999999994
2017-04-05,51.15,-1.42,54.36,1.7153,1.649,364.75,-9.925,13.875,1.6035,51.96,20.77,14.42,15.99,3.266,2346.6,59.196163
2017-04-06,51.7,-1.29,54.89,1.7296,1.61,360.75,-9.851,13.575,1.6129,51.84,20.82,14.27,15.88,3.331,2353.7,59.17798199999999
2017-04-07,52.24,-1.26,55.24,1.7462,1.629,359.5,-9.763,14.025,1.6284,52.92,20.95,14.42,15.97,3.261,2352.2,59.632706000000006
2017-04-10,53.08,-1.25,55.98,1.7581,1.651,367.0,-9.54,15.025,1.6473,53.14,20.7,14.39,15.94,3.238,2352.5,59.432629000000006
2017-04-11,53.4,-1.35,56.23,1.7577,1.65,366.5,-9.597,15.975,1.6506,53.37,20.47,14.25,15.81,3.15,2351.1,59.687263
2017-04-12,53.11,-1.4,55.86,1.7417,1.672,369.0,-9.527,16.275,1.652,53.69,20.23,14.47,16.03,3.187,2340.8,59.23254
2017-04-13,53.18,-1.4,55.89,1.7349,1.671,371.0,-9.505,16.325,1.6495,53.38,20.02,14.48,15.93,3.227,2327.4,58.823292
2017-04-17,52.65,-1.43,55.36,1.7196,1.657,366.5,-9.487,15.075,1.6329,52.96,19.94,14.32,15.82,3.163,2345.0,59.287113
2017-04-18,52.41,-1.39,54.89,1.711,1.625,361.75,-9.487,14.725,1.6219,52.3,19.89,14.23,15.72,3.145,2337.3,58.341286
2017-04-19,50.44,-1.36,52.93,1.659,1.617,361.75,-9.487,14.575,1.5813,51.9,19.81,14.44,15.84,3.185,2333.7,57.741046999999995
2017-04-20,50.27,-1.31,52.99,1.6705,1.62,357.75,-10.45,14.325,1.5789,50.49,20.05,14.51,15.86,3.159,2352.1,58.295811
2017-04-21,49.62,-1.27,51.96,1.6445,1.624,357.0,-10.35,14.325,1.5533,50.01,20.05,14.55,15.87,3.101,2347.4,59.323485999999995
2017-04-24,49.23,-1.23,51.6,1.6214,1.619,359.25,-10.1,12.675,1.5427,49.66,19.89,14.53,15.85,3.066,2370.0,60.76951999999999
2017-04-25,49.56,-1.22,52.1,1.623,1.614,365.0,-10.0,12.475,1.5452,49.22,19.84,14.46,15.8,3.043,2385.0,59.869164000000005
2017-04-26,49.62,-1.22,51.82,1.5903,1.595,359.0,-9.85,12.375,1.5367,49.65,19.61,14.4,15.74,3.142,2382.2,59.02338
2017-04-27,48.97,-1.21,51.44,1.55,1.592,362.0,-9.4,12.375,1.5072,48.9,19.5,14.34,15.68,3.239,2386.1,59.405338
2017-04-28,49.33,-1.2,51.73,1.548,1.558,358.0,-9.25,12.275,1.504,49.33,19.48,14.32,15.65,3.276,2380.5,58.759631999999996
2017-05-01,48.84,-1.19,51.52,1.5272,1.573,369.25,-9.034,11.825,1.4878,49.19,15.21,14.31,13.56,3.215,2386.9,58.53226899999999
2017-05-02,47.66,-1.19,50.46,1.5136,1.535,364.0,-9.253,11.825,1.468,49.02,15.8,14.31,13.89,3.195,2385.8,58.650496999999994
2017-05-03,47.82,-0.88,50.79,1.5338,1.535,366.25,-9.252,12.075,1.4736,48.38,16.41,12.6,13.95,3.228,2383.2,59.02338
2017-05-04,45.52,-0.72,48.38,1.4812,1.468,358.0,-9.244,11.725,1.4123,47.49,16.48,12.35,13.71,3.186,2385.5,58.541363
2017-05-05,46.22,-0.76,49.1,1.5046,1.501,361.75,-9.398,11.775,1.4366,46.6,16.71,12.62,13.97,3.266,2397.7,59.423522999999996
2017-05-08,46.43,-0.75,49.34,1.5178,1.482,356.75,-9.591,11.425,1.4556,46.91,16.97,12.98,14.42,3.172,2395.0,60.123814
2017-05-09,45.88,-0.71,48.73,1.4895,1.451,358.25,-9.645,11.425,1.4421,46.88,16.52,12.97,14.41,3.227,2393.3,60.596714
2017-05-10,47.33,-0.67,50.22,1.5396,1.461,365.25,-9.64,11.525,1.4754,47.35,16.96,12.93,14.38,3.292,2395.3,60.642185
2017-05-11,47.83,-0.63,50.77,1.5622,1.482,360.5,-9.595,11.425,1.4899,48.41,17.25,12.94,14.44,3.376,2391.1,60.342075
2017-05-12,47.84,-0.63,50.84,1.5761,1.508,361.75,-9.571,11.225,1.4933,48.31,17.6,13.05,14.54,3.424,2388.7,60.405727
2017-05-15,48.85,-0.58,51.82,1.5954,1.507,367.75,-9.573,10.825,1.5096,49.77,17.49,12.83,14.36,3.349,2398.4,60.249485
2017-05-16,48.66,-0.57,51.65,1.6043,1.482,367.75,-9.582,11.075,1.5164,49.75,17.77,13.07,14.59,3.23,2397.1,59.321152000000005
2017-05-17,49.07,-0.51,52.21,1.6027,1.456,371.5,-9.582,14.225,1.5335,49.48,17.55,13.17,14.73,3.192,2357.5,58.64099100000001
2017-05-18,49.35,-0.47,52.51,1.6063,1.463,366.0,-9.582,14.275,1.5453,49.91,17.51,13.3,14.83,3.182,2363.6,58.402016
2017-05-19,50.33,-0.48,53.61,1.6523,1.483,372.5,-10.3,12.725,1.5827,50.91,17.84,13.52,15.03,3.256,2381.5,58.70533399999999
2017-05-22,50.73,-0.54,53.87,1.6626,1.47,375.0,-10.3,12.225,1.6021,51.54,17.84,13.66,15.15,3.33,2392.7,58.67775699999999
2017-05-23,51.47,-0.55,54.15,1.6614,1.464,369.5,-10.1,12.325,1.6067,51.34,17.74,13.62,15.12,3.219,2398.0,58.935116
2017-05-24,51.36,-0.58,53.96,1.6526,1.48,371.25,-10.05,11.975,1.6063,51.96,17.68,13.64,15.14,3.209,2401.9,58.650185
2017-05-25,48.9,-0.6,51.46,1.6093,1.498,369.25,-9.95,12.025,1.5509,51.24,17.79,13.64,15.16,3.184,2413.4,58.080318000000005
2017-05-26,49.8,-0.6,52.15,1.6426,1.52,374.25,-9.95,11.925,1.5633,49.48,17.86,13.6,15.11,3.236,2413.8,57.400158
2017-05-30,49.66,-0.61,51.84,1.6389,1.515,367.0,-9.75,11.825,1.5494,49.39,17.86,13.54,15.07,3.145,2410.7,57.069263
2017-05-31,48.32,-0.6,50.76,1.6122,1.524,372.0,-9.75,11.825,1.5153,48.69,17.87,13.55,15.06,3.071,2411.1,56.499401
2017-06-01,48.36,-0.6,50.63,1.6014,1.529,370.5,-10.147,11.625,1.5017,48.85,18.81,13.53,14.62,3.008,2429.6,57.096844
2017-06-02,47.66,-0.6,49.95,1.5771,1.554,372.75,-10.414,11.625,1.4848,47.33,18.51,13.53,14.63,2.999,2437.7,57.078453
2017-06-05,47.4,-0.71,49.47,1.5381,1.554,373.0,-10.367,11.775,1.4593,47.37,17.28,12.07,13.9,2.982,2434.5,57.354198
2017-06-06,48.19,-0.76,50.12,1.5545,1.559,377.25,-10.409,11.975,1.4662,46.98,17.2,11.52,13.48,3.042,2430.8,57.253098
2017-06-07,45.72,-0.84,48.06,1.4913,1.566,384.75,-10.409,11.875,1.4162,46.78,17.01,11.74,13.74,3.02,2431.9,57.262287
2017-06-08,45.64,-0.79,47.86,1.4919,1.543,385.75,-10.408,11.625,1.4223,45.78,17.09,12.08,14.0,3.028,2432.5,58.071125
2017-06-09,45.83,-0.77,48.15,1.5017,1.55,387.75,-10.355,11.725,1.4312,45.49,17.26,12.25,14.14,3.039,2430.5,59.982937
2017-06-12,46.08,-0.73,48.29,1.488,1.535,377.25,-10.372,11.875,1.4254,45.94,16.7,11.91,13.81,3.024,2428.5,60.589560999999996
2017-06-13,46.46,-0.69,48.72,1.4995,1.566,381.0,-10.393,11.425,1.4477,46.01,16.77,12.3,14.17,2.966,2440.0,61.150234
2017-06-14,44.73,-0.7,47.0,1.4327,1.549,377.0,-10.36,11.475,1.4102,45.16,16.13,12.45,14.26,2.933,2437.2,59.514171999999995
2017-06-15,44.46,-0.73,46.92,1.4357,1.573,379.5,-10.334,11.525,1.4146,44.38,16.34,12.8,14.5,3.056,2434.3,59.459026
2017-06-16,44.74,-0.79,47.37,1.4548,1.571,384.0,-10.328,11.325,1.427,44.58,16.61,12.91,14.62,3.037,2434.89,60.479275
2017-06-19,44.2,-0.8,46.91,1.4506,1.55,375.25,-10.328,10.875,1.4111,44.46,16.78,12.91,14.57,2.894,2447.5,61.223774
2017-06-20,43.23,-0.82,46.02,1.424,1.522,370.0,-10.328,11.125,1.3949,43.9,16.69,13.0,14.66,2.907,2437.5,60.3414
2017-06-21,42.53,-0.86,44.82,1.4105,1.515,368.75,-10.45,12.175,1.3648,43.14,16.84,12.89,14.56,2.893,2433.6,59.449833
2017-06-22,42.74,-0.86,45.22,1.4345,1.498,362.75,-10.25,11.975,1.3716,42.58,17.09,12.84,14.58,2.894,2431.8,59.578509999999994
2017-06-23,43.01,-0.88,45.54,1.4341,1.491,357.75,-10.2,11.875,1.3717,43.02,17.02,12.77,14.51,2.929,2434.9,60.644718000000005
2017-06-26,43.38,-0.85,45.83,1.4387,1.497,359.0,-10.2,11.625,1.3802,43.14,16.98,12.78,14.51,3.027,2436.0,60.699856000000004
2017-06-27,44.24,-0.86,46.65,1.4598,1.503,359.25,-10.2,12.025,1.4137,44.23,16.98,12.92,14.61,3.037,2420.6,61.4076
2017-06-28,44.74,-0.85,47.31,1.4833,1.472,356.75,-10.0,11.675,1.433,44.48,17.05,12.93,14.65,3.067,2438.4,62.014225
2017-06-29,44.93,-0.84,47.42,1.4856,1.475,359.75,-9.9,12.025,1.446,45.36,17.04,12.97,14.68,3.042,2420.0,61.664955000000006
2017-06-30,46.04,-0.84,48.77,1.5152,1.509,370.5,-9.8,12.325,1.4755,45.63,17.04,12.97,14.69,3.035,2420.9,62.005024
2017-07-03,47.07,-0.85,49.68,1.5348,1.516,378.0,-9.8,12.575,1.5128,47.17,17.31,12.97,16.39,2.951,2425.0,62.519749
2017-07-05,45.13,-0.85,47.79,1.5024,1.511,381.75,-9.782,12.325,1.4785,47.04,17.87,12.97,16.87,2.84,2428.0,61.646568
2017-07-06,45.52,-1.19,48.11,1.5287,1.511,380.25,-9.868,13.025,1.4819,46.52,18.52,14.89,16.66,2.888,2408.4,61.085892
2017-07-07,44.23,-1.12,46.71,1.4984,1.518,382.25,-9.77,12.575,1.4482,45.11,18.54,14.82,16.55,2.864,2422.6,62.666817
2017-07-10,44.4,-1.14,46.88,1.5007,1.553,391.75,-9.683,12.225,1.4536,44.77,18.47,14.85,16.59,2.929,2424.6,62.584095
2017-07-11,45.04,-1.21,47.52,1.5183,1.561,392.25,-9.708,12.125,1.4763,44.79,18.55,15.18,16.83,3.047,2424.5,62.437031000000005
2017-07-12,45.49,-1.31,47.74,1.5208,1.55,376.25,-9.529,11.525,1.4737,46.02,18.32,14.78,16.45,2.985,2440.1,62.528946
2017-07-13,46.08,-1.33,48.42,1.5261,1.512,361.0,-9.524,11.075,1.4917,45.66,18.07,14.89,16.55,2.961,2445.6,62.299152
2017-07-14,46.54,-1.38,48.91,1.5605,1.538,365.25,-9.534,10.575,1.515,46.4,18.65,15.23,16.84,2.98,2456.1,62.538143000000005
2017-07-17,46.02,-1.25,48.42,1.5567,1.531,375.0,-9.565,10.275,1.4995,46.8,18.85,15.21,16.77,3.02,2458.6,61.977458999999996
2017-07-18,46.4,-1.23,48.84,1.5789,1.545,377.0,-9.565,10.125,1.5104,46.45,19.14,15.26,16.83,3.088,2457.8,62.050991
2017-07-19,47.12,-1.27,49.7,1.6169,1.54,382.5,-9.565,11.525,1.5514,46.85,19.52,15.71,17.27,3.066,2471.4,62.528946
2017-07-20,46.79,-1.18,49.3,1.6062,1.538,391.0,-9.85,11.475,1.5436,47.48,19.5,15.74,17.3,3.043,2471.2,62.060177
2017-07-21,45.77,-1.16,48.06,1.5633,1.519,379.75,-9.85,11.375,1.5152,46.99,19.27,15.73,17.28,2.97,2469.4,62.299152
2017-07-24,46.34,-1.13,48.6,1.5568,1.517,377.25,-9.9,11.325,1.5169,46.01,19.02,15.57,17.13,2.899,2468.4,62.207249
2017-07-25,47.89,-1.11,50.2,1.5962,1.505,368.75,-9.9,11.175,1.5685,47.11,19.05,15.75,17.29,2.944,2474.1,62.905804
2017-07-26,48.75,-1.12,50.97,1.6173,1.52,372.75,-9.95,11.275,1.5953,48.51,19.05,15.83,17.34,2.924,2473.3,62.492183999999995
2017-07-27,49.04,-1.11,51.49,1.6446,1.53,374.25,-9.95,11.425,1.6032,48.88,19.17,15.8,17.34,2.969,2471.9,62.12451899999999
2017-07-28,49.71,-1.12,52.52,1.6761,1.541,374.25,-10.2,11.375,1.6397,49.46,19.25,15.9,17.43,2.941,2470.3,61.297309999999996
2017-07-31,50.17,-1.11,52.72,1.7058,1.554,370.75,-9.95,11.275,1.6519,49.97,19.28,15.91,17.43,2.794,2468.0,63.392933
2017-08-01,49.16,-1.11,51.78,1.6613,1.547,362.5,-10.187,11.225,1.6413,49.61,20.57,15.94,19.73,2.819,2472.3,63.255069999999996
2017-08-02,49.59,-1.11,52.36,1.6448,1.559,365.0,-10.046,11.275,1.6588,49.75,19.5,15.94,20.03,2.811,2473.5,62.960941000000005
2017-08-03,49.03,-1.07,52.01,1.6319,1.559,363.5,-9.965,11.325,1.6389,50.26,19.51,18.37,19.77,2.8,2471.7,62.960941000000005
2017-08-04,49.58,-0.93,52.42,1.6463,1.576,366.5,-9.966,11.275,1.6486,49.96,19.56,18.21,19.65,2.774,2472.1,62.988518000000006
2017-08-07,49.39,-0.95,52.37,1.6299,1.595,372.25,-9.966,11.125,1.6398,50.06,19.13,18.03,19.48,2.801,2477.4,63.146384999999995
2017-08-08,49.17,-0.87,52.14,1.6208,1.594,369.75,-10.054,11.525,1.6292,50.5,19.02,17.8,19.31,2.822,2472.8,62.951363
2017-08-09,49.56,-0.76,52.7,1.62,1.591,372.25,-10.055,11.725,1.6533,50.48,18.7,18.28,19.78,2.883,2473.0,62.152756000000004
2017-08-10,48.59,-0.64,51.9,1.6028,1.55,357.25,-10.03,15.525,1.6313,50.7,18.88,18.17,19.81,2.985,2437.6,61.47485
2017-08-11,48.82,-0.74,52.1,1.613,1.575,360.75,-10.03,15.425,1.6346,49.37,19.01,18.1,19.75,2.983,2440.1,61.428431999999994
2017-08-14,47.59,-0.61,50.73,1.5767,1.58,362.75,-9.961,12.45,1.6057,49.46,18.83,18.25,19.76,2.959,2463.5,62.022743000000006
2017-08-15,47.55,-0.56,50.8,1.5795,1.551,355.25,-9.933,12.325,1.5996,48.45,18.92,18.17,19.64,2.935,2463.7,62.35705600000001
2017-08-16,46.78,-0.44,50.27,1.5638,1.531,352.5,-9.93,13.075,1.5744,48.69,18.97,18.02,19.48,2.89,2467.5,61.279846
2017-08-17,47.09,-0.39,51.03,1.5869,1.51,350.5,-9.917,14.925,1.582,48.07,19.29,18.03,19.5,2.929,2429.5,59.942631000000006
2017-08-18,48.51,-0.26,52.72,1.624,1.507,352.0,-9.917,14.975,1.6204,48.86,19.35,18.11,19.58,2.893,2426.8,60.128356999999994
2017-08-21,47.37,-0.29,51.66,1.5841,1.539,349.0,-9.917,14.125,1.5712,49.8,19.14,17.74,19.21,2.962,2428.0,60.081920999999994
2017-08-22,47.64,-0.35,51.87,1.5908,1.541,346.0,-10.0,12.975,1.5912,49.5,19.14,17.94,19.4,2.939,2452.8,60.899105000000006
2017-08-23,48.41,-0.36,52.57,1.6189,1.52,342.0,-10.05,13.625,1.6244,49.49,19.31,18.21,19.65,2.928,2441.5,61.019833
2017-08-24,47.43,-0.41,52.04,1.6641,1.51,342.0,-9.9,13.425,1.621,49.76,20.07,18.46,19.87,2.949,2440.8,62.626346999999996
2017-08-25,47.87,-0.39,52.41,1.6666,1.5,338.75,-9.9,13.075,1.6223,49.93,19.99,18.37,19.78,2.892,2442.5,62.83993100000001
2017-08-28,46.57,-0.5,51.89,1.7123,1.515,336.0,-10.3,13.025,1.6352,49.86,20.56,18.82,20.11,2.925,2443.7,63.536388
2017-08-29,46.44,-0.52,52.0,1.7833,1.514,333.5,-10.75,13.175,1.6655,49.51,20.97,19.04,20.29,2.961,2447.1,63.07209
2017-08-30,45.96,-0.51,50.86,1.8847,1.489,329.5,-11.3,13.175,1.6738,49.41,21.38,19.1,20.36,2.939,2455.8,63.527122
2017-08-31,47.23,-0.52,52.86,2.1399,1.547,342.25,-12.15,12.625,1.7575,49.36,21.78,19.22,20.45,3.04,2470.1,63.239243
2017-09-01,47.29,-0.52,52.75,1.7479,1.556,340.0,-12.15,12.625,1.7468,49.68,25.87,19.22,25.83,3.07,2474.2,64.260719
2017-09-05,48.66,-0.52,53.38,1.6991,1.565,344.25,-12.15,13.175,1.748,50.99,22.7,19.22,24.65,2.972,2459.7,63.062808999999994
2017-09-06,49.16,-0.8,54.2,1.6733,1.56,347.0,-12.15,13.175,1.7595,52.04,21.29,25.22,24.65,3.0,2465.5,63.24853100000001
2017-09-07,49.09,-0.99,54.49,1.661,1.526,341.75,-12.15,12.825,1.7861,52.48,20.91,26.63,25.66,2.981,2466.4,63.944995999999996
2017-09-08,47.48,-1.22,53.78,1.6476,1.535,344.25,-12.15,13.275,1.7657,52.53,21.7,26.59,26.21,2.89,2462.6,64.576462
2017-09-11,48.07,-0.91,53.84,1.6345,1.544,345.5,-11.7,12.075,1.7427,51.82,20.86,25.04,25.06,2.95,2487.5,64.827187
2017-09-12,48.23,-0.98,54.27,1.6563,1.55,340.0,-11.85,11.875,1.7406,52.08,21.4,24.58,24.9,3.001,2495.9,65.198616
2017-09-13,49.3,-1.04,55.16,1.6473,1.563,338.5,-12.2,11.525,1.7685,52.92,20.48,24.55,24.99,3.058,2496.6,65.93225100000001
2017-09-14,49.89,-1.07,55.47,1.6287,1.545,341.75,-11.85,11.475,1.7775,53.63,19.66,24.4,24.85,3.07,2496.4,64.947914
2017-09-15,49.89,-1.09,55.62,1.6617,1.545,354.75,-11.659,11.125,1.7988,53.64,20.39,24.75,25.32,3.024,2496.83,66.052971
2017-09-18,49.91,-0.97,55.48,1.6686,1.566,351.5,-11.659,10.675,1.7796,53.78,20.56,24.32,24.94,3.146,2502.7,67.0466
2017-09-19,49.48,-0.99,55.14,1.655,1.557,348.25,-11.659,10.825,1.7726,53.81,20.51,24.35,25.01,3.122,2504.7,67.520195
2017-09-20,50.41,-0.95,56.29,1.6551,1.538,350.0,-11.55,12.275,1.807,54.06,20.19,24.6,25.27,3.094,2505.2,67.956642
2017-09-21,50.55,-0.95,56.43,1.6438,1.511,350.25,-11.6,12.325,1.8153,54.59,20.06,24.76,25.43,2.946,2500.9,68.123802
2017-09-22,50.66,-0.94,56.86,1.6684,1.514,353.5,-11.45,12.425,1.8163,54.84,20.34,24.74,25.41,2.959,2499.4,68.987411
2017-09-25,52.22,-0.88,59.02,1.722,1.527,353.75,-11.45,12.375,1.8563,55.62,20.51,24.65,25.44,2.919,2497.0,69.758186
2017-09-26,51.88,-0.94,58.44,1.6988,1.527,352.25,-11.1,12.275,1.8453,56.43,20.39,24.6,25.42,2.918,2495.6,69.609596
2017-09-27,52.14,-0.93,57.9,1.654,1.515,354.0,-11.3,12.175,1.8463,56.07,20.07,24.61,25.39,2.974,2504.5,70.083191
2017-09-28,51.56,-0.93,57.41,1.6318,1.55,352.5,-11.25,11.925,1.832,55.59,20.03,24.59,25.39,3.017,2507.7,71.26255
2017-09-29,51.67,-0.93,56.79,1.6065,1.506,355.25,-11.3,11.675,1.8117,55.2,19.97,24.54,25.33,3.007,2516.1,71.438988
2017-10-02,50.58,-0.91,56.12,1.5553,1.48,351.5,-11.207,11.375,1.7665,54.6,14.64,24.54,23.51,2.916,2526.3,71.55043
2017-10-03,50.42,-0.91,56.0,1.5655,1.48,349.5,-11.107,11.375,1.7505,54.28,15.2,24.54,23.02,2.895,2532.8,72.033302
2017-10-04,49.98,-0.28,55.8,1.5805,1.46,348.25,-11.263,11.325,1.7739,53.93,16.17,22.73,24.31,2.94,2536.2,72.144745
2017-10-05,50.79,-0.21,57.0,1.6114,1.438,349.5,-11.23,10.825,1.7863,54.62,16.59,22.48,24.05,2.923,2549.9,71.754723
2017-10-06,49.29,-0.16,55.62,1.5588,1.42,350.0,-11.162,10.825,1.7439,54.47,16.01,22.17,23.83,2.863,2545.1,71.717575
2017-10-09,49.58,-0.16,55.79,1.5594,1.415,349.5,-11.162,11.125,1.7352,53.7,15.8,21.57,23.32,2.833,2543.8,71.624718
2017-10-10,50.92,-0.17,56.61,1.5915,1.42,349.25,-11.158,10.925,1.7649,54.23,15.82,21.44,23.26,2.891,2548.5,71.847588
2017-10-11,51.3,-0.07,56.94,1.6092,1.425,346.0,-11.201,10.775,1.7861,54.54,16.07,21.79,23.62,2.889,2553.0,72.358307
2017-10-12,50.6,-0.1,56.25,1.5832,1.426,349.0,-11.182,10.575,1.7655,54.44,15.81,21.65,23.5,2.989,2549.4,72.349037
2017-10-13,51.45,-0.07,57.17,1.6222,1.431,352.75,-11.221,10.275,1.797,55.12,16.3,21.97,23.8,3.0,2552.8,72.506905
2017-10-16,51.87,0.03,57.82,1.6169,1.419,350.5,-11.178,10.275,1.8129,55.74,15.95,22.11,23.93,2.946,2556.2,71.894012
2017-10-17,51.88,0.13,57.88,1.6301,1.428,350.0,-11.144,10.375,1.8098,55.83,16.23,22.05,23.88,2.962,2556.9,72.079735
2017-10-18,52.04,0.22,58.15,1.6429,1.411,348.5,-11.144,11.575,1.8028,56.12,16.41,21.8,23.68,2.854,2560.1,72.079735
2017-10-19,51.29,0.1,57.23,1.6447,1.392,349.0,-11.144,11.475,1.7767,55.52,16.75,21.61,23.54,2.873,2560.5,72.08901999999999
2017-10-20,51.47,0.01,57.75,1.6781,1.386,344.5,-12.25,11.325,1.8052,55.41,17.14,21.93,23.85,2.915,2574.0,72.005455
2017-10-23,51.9,-0.05,57.37,1.6783,1.419,351.25,-12.25,11.775,1.7878,55.77,17.12,21.68,23.6,2.991,2563.4,71.875435
2017-10-24,52.47,-0.11,58.33,1.7155,1.42,352.75,-12.65,11.925,1.8221,55.59,17.4,21.9,23.84,2.974,2567.3,72.144745
2017-10-25,52.18,-0.08,58.44,1.7348,1.396,351.0,-12.65,12.025,1.8182,56.33,17.64,21.92,23.87,2.919,2558.5,72.13544499999999
2017-10-26,52.64,-0.04,59.3,1.7506,1.389,350.5,-12.75,12.075,1.8419,56.45,17.68,22.04,23.97,2.89,2561.6,70.844666
2017-10-27,53.9,-0.03,60.44,1.7686,1.395,348.75,-12.9,11.425,1.8669,57.55,17.61,22.02,23.94,2.752,2578.4,72.200462
2017-10-30,54.15,-0.02,60.9,1.7641,1.425,348.75,-13.1,11.575,1.8777,58.27,17.58,22.02,23.96,2.966,2568.3,72.80405400000001
2017-10-31,54.38,-0.03,60.94,1.7796,1.43,345.75,-13.1,11.275,1.8845,58.53,17.6,22.02,23.96,2.896,2572.7,73.259087
2017-11-01,54.3,-0.01,60.49,1.741,1.43,348.25,-13.1,11.375,1.8625,59.21,18.75,22.02,23.86,2.893,2574.8,74.949173
2017-11-02,54.54,-0.01,60.62,1.7697,1.42,350.5,-13.919,11.125,1.8539,58.45,19.66,22.02,23.27,2.935,2576.7,75.76636500000001
2017-11-03,55.64,0.32,62.07,1.7934,1.42,348.25,-14.168,10.975,1.8866,59.12,19.57,20.98,23.52,2.984,2582.7,75.10704
2017-11-06,57.35,0.4,64.27,1.83,1.48,348.0,-13.921,10.725,1.9422,61.02,19.43,21.38,24.07,3.134,2588.7,75.63636
2017-11-07,57.2,0.34,63.69,1.8153,1.468,347.75,-13.699,10.875,1.9219,62.07,19.05,20.73,23.49,3.152,2586.8,75.989243
2017-11-08,56.81,0.3,63.49,1.8213,1.446,348.25,-13.947,10.875,1.9216,61.61,19.53,21.17,23.78,3.175,2590.9,75.840652
2017-11-09,57.17,0.33,63.93,1.8197,1.44,341.5,-14.111,11.125,1.9469,61.7,19.23,21.48,24.29,3.2,2583.9,75.478493
2017-11-10,56.74,0.36,63.52,1.8124,1.456,343.5,-14.099,11.6,1.9349,61.91,19.31,21.34,24.23,3.213,2579.6,75.562065
2017-11-13,56.76,0.35,63.16,1.7929,1.442,342.25,-13.982,11.625,1.9321,61.27,18.8,21.2,24.15,3.167,2581.9,74.912041
2017-11-14,55.7,0.33,62.21,1.7612,1.405,337.5,-14.016,12.05,1.907,60.52,18.65,21.21,24.16,3.102,2577.9,75.562065
2017-11-15,55.33,0.37,61.87,1.7388,1.408,338.25,-14.047,13.175,1.9087,59.79,18.35,21.37,24.39,3.08,2565.1,75.66422299999999
2017-11-16,55.14,0.38,61.36,1.7137,1.39,336.5,-14.046,12.675,1.9021,59.98,17.93,21.34,24.35,3.053,2585.0,76.258537
2017-11-17,56.55,0.35,62.72,1.7447,1.415,343.0,-14.046,12.625,1.9466,59.9,17.9,21.58,24.56,3.097,2576.3,76.964287
2017-11-20,56.09,0.3,62.22,1.7438,1.398,345.0,-14.046,12.075,1.9321,60.33,18.01,21.44,24.45,3.047,2582.1,76.879997
2017-11-21,56.83,0.35,62.57,1.7731,1.392,345.0,-16.95,11.625,1.9359,60.49,18.28,21.33,24.36,3.017,2596.3,78.481468
2017-11-22,58.02,0.34,63.32,1.7679,1.397,345.25,-17.4,11.475,1.9326,61.09,17.88,21.01,23.98,2.968,2594.6,77.123497
2017-11-24,58.95,0.35,63.86,1.788,1.371,342.25,-17.65,11.425,1.9529,61.64,17.86,20.99,23.96,2.813,2601.0,77.02984599999999
2017-11-27,58.11,0.27,63.84,1.7893,1.384,338.75,-16.5,11.325,1.9478,61.51,18.03,21.12,24.08,2.928,2601.8,76.90810400000001
2017-11-28,57.99,0.29,63.61,1.772,1.357,336.25,-17.05,11.275,1.9507,61.31,17.94,21.17,24.12,3.074,2626.0,77.957024
2017-11-29,57.3,0.31,63.11,1.7309,1.352,339.0,-16.95,11.475,1.9221,61.14,17.84,21.11,24.07,3.179,2625.1,78.050659
2017-11-30,57.4,0.32,62.63,1.7284,1.343,341.75,-17.25,11.675,1.8927,61.06,17.84,21.04,24.01,3.025,2647.9,80.18596600000001
2017-12-01,58.36,0.34,63.73,1.7416,1.35,344.75,-17.286,11.875,1.9413,61.71,14.78,21.04,23.16,3.061,2643.9,78.827995
2017-12-04,57.47,0.34,62.45,1.6922,1.347,339.5,-17.46,11.925,1.8945,61.45,13.66,21.04,22.15,2.985,2638.2,78.322266
2017-12-05,57.62,0.26,62.86,1.7184,1.35,339.75,-17.645,11.875,1.9139,60.87,14.5,19.49,22.73,2.914,2628.3,80.335815
2017-12-06,55.96,0.21,61.22,1.6609,1.317,339.25,-18.177,11.725,1.8613,60.73,13.85,19.11,22.26,2.922,2629.2,79.577209
2017-12-07,56.69,0.16,62.2,1.7,1.315,338.75,-18.696,11.175,1.897,60.12,14.59,19.73,22.88,2.763,2639.5,80.15786700000001
2017-12-08,57.36,0.16,63.4,1.7166,1.329,340.0,-19.608,10.875,1.9288,61.03,14.6,20.38,23.37,2.772,2651.0,82.040306
2017-12-11,57.99,0.31,64.69,1.7266,1.316,336.5,-20.121,10.325,1.9506,61.94,14.45,20.58,23.58,2.828,2661.6,81.665688
2017-12-12,57.14,0.36,63.34,1.6976,1.295,335.75,-21.066,10.375,1.9336,62.75,14.23,20.54,23.68,2.678,2665.1,81.422188
2017-12-13,56.6,0.25,62.44,1.6467,1.295,336.75,-21.083,10.525,1.9044,61.5,13.28,20.0,23.28,2.715,2666.4,81.89981800000001
2017-12-14,57.04,0.2,63.31,1.6707,1.274,336.25,-20.012,10.375,1.9099,60.87,13.57,19.86,23.14,2.684,2653.2,81.92791700000001
2017-12-15,57.3,0.13,63.23,1.6548,1.262,347.5,-21.012,9.925,1.9035,61.48,13.12,19.66,22.89,2.612,2669.02,82.592857
2017-12-18,57.16,0.1,63.41,1.6725,1.269,347.0,-21.012,9.875,1.9252,61.64,13.5,20.06,23.35,2.745,2694.4,83.285889
2017-12-19,57.46,0.18,63.8,1.6966,1.268,347.5,-26.7,10.075,1.9399,61.72,13.78,20.15,23.47,2.692,2684.1,82.480476
2017-12-20,58.09,0.24,64.56,1.7353,1.285,349.25,-26.75,11.425,1.9442,62.16,14.16,19.94,23.34,2.637,2681.6,84.437828
2017-12-21,58.36,0.3,64.9,1.7476,1.295,351.25,-26.75,11.225,1.9502,62.66,14.23,19.95,23.34,2.598,2687.8,84.96228
2017-12-22,58.47,0.33,65.25,1.7623,1.306,352.0,-26.75,11.425,1.9694,62.66,14.36,20.11,23.51,2.667,2686.1,85.346252
2017-12-26,59.97,0.33,67.02,1.7866,1.296,352.75,-26.75,11.325,2.0385,63.07,14.26,20.4,23.79,2.643,2687.1,86.02993000000001
2017-12-27,59.64,0.36,66.44,1.7915,1.296,353.75,-26.75,11.325,2.0402,64.24,14.34,20.41,23.84,2.738,2685.4,86.29216
2017-12-28,59.84,0.36,66.72,1.793,1.307,352.0,-25.5,11.225,2.0521,64.17,14.33,20.42,23.88,2.914,2685.7,86.442009
2017-12-29,60.42,0.36,66.87,1.7992,1.32,350.75,-25.5,11.475,2.0755,64.47,14.31,20.41,23.9,2.953,2676.0,86.076767
2018-01-04,62.01,0.46,68.07,1.8067,1.318,351.0,-24.873,10.575,2.077,66.13,22.86,21.28,25.34,2.88,2723.8,87.650139
2018-01-05,61.44,0.51,67.62,1.7858,1.315,351.25,-24.868,10.475,2.0587,65.86,22.55,21.25,25.14,2.795,2742.6,88.06221
2018-01-08,61.73,0.54,67.78,1.7918,1.305,347.25,-25.416,10.475,2.0454,65.85,22.51,20.55,24.45,2.835,2746.8,88.24015
2018-01-09,62.96,0.51,68.82,1.8362,1.326,349.0,-25.134,10.675,2.0662,66.39,22.84,20.45,24.2,2.923,2752.3,88.12775400000001
2018-01-10,63.57,0.54,69.2,1.8327,1.324,349.0,-25.015,10.575,2.0807,67.24,22.38,20.15,24.23,2.906,2750.6,88.174591
2018-01-11,63.8,0.55,69.26,1.837,1.347,348.75,-25.046,10.475,2.0767,67.38,22.03,19.94,23.95,3.084,2769.5,88.54921
2018-01-12,64.3,0.52,69.87,1.8495,1.357,346.25,-24.807,10.575,2.085,67.17,22.0,19.74,23.84,3.2,2788.7,90.609589
2018-01-16,63.73,0.56,69.15,1.8384,1.361,348.25,-24.265,11.775,2.0634,67.54,22.0,19.77,23.64,3.129,2782.6,90.047661
2018-01-17,63.97,0.56,69.38,1.8584,1.359,353.0,-24.265,12.125,2.0691,67.07,22.27,19.85,23.64,3.232,2803.7,91.368172
2018-01-18,63.95,0.42,69.31,1.8835,1.341,351.5,-24.265,12.075,2.0617,67.2,22.5,19.91,23.5,3.189,2796.2,90.33799
2018-01-19,63.37,0.21,68.61,1.8636,1.332,352.5,-26.75,11.925,2.0584,66.48,22.28,20.09,23.69,3.185,2811.0,91.087204
2018-01-22,63.49,-0.09,69.03,1.8801,1.324,352.0,-27.0,11.825,2.0569,66.89,22.52,20.15,23.58,3.224,2835.2,92.669937
2018-01-23,64.47,-0.12,69.96,1.9087,1.326,351.25,-27.5,11.975,2.0861,67.32,22.7,20.3,23.69,3.444,2839.6,92.42645300000001
2018-01-24,65.61,0.09,70.53,1.9164,1.349,356.5,-28.15,12.225,2.1061,67.61,22.0,20.2,23.59,3.509,2841.0,91.461823
2018-01-25,65.51,0.06,70.42,1.9154,1.358,355.25,-28.15,12.425,2.1154,68.46,21.95,20.37,23.72,3.447,2841.2,91.012291
2018-01-26,66.14,-0.07,70.52,1.9377,1.361,356.5,-27.7,12.325,2.136,67.94,21.83,20.3,23.77,3.505,2874.5,92.42645300000001
2018-01-29,65.56,-0.12,69.46,1.9349,1.385,358.75,-28.25,13.525,2.1048,67.6,21.84,20.22,23.66,3.631,2853.6,90.272423
2018-01-30,64.5,-0.27,69.02,1.8954,1.38,361.5,-28.75,13.975,2.0717,66.6,21.39,20.22,23.63,3.195,2824.5,88.352524
2018-01-31,64.73,-0.16,68.89,1.9075,1.39,361.5,-30.2,13.475,2.0692,66.28,22.23,20.2,23.61,2.995,2825.8,89.879082
2018-02-01,65.8,-0.07,69.65,1.8958,1.426,361.75,-30.494,13.275,2.0904,66.88,21.65,20.21,22.08,2.856,2822.4,88.680328
2018-02-02,65.45,-0.09,68.58,1.872,1.463,361.5,-30.656,15.625,2.0535,67.11,21.15,20.21,20.98,2.846,2756.7,87.27552
2018-02-05,64.15,-0.27,67.62,1.8466,1.463,358.75,-30.383,33.225,2.0196,65.75,21.27,18.75,20.85,2.747,2607.7,84.072571
2018-02-06,63.39,-0.25,66.86,1.8052,1.423,363.5,-30.09,23.875,1.9851,64.89,20.62,18.24,20.26,2.759,2694.3,84.718781
2018-02-07,61.79,-0.31,65.51,1.766,1.408,365.25,-29.41,23.425,1.9313,64.36,20.41,17.97,19.72,2.702,2668.2,84.13813
2018-02-08,61.15,-0.36,64.81,1.765,1.415,365.75,-28.184,28.1,1.9213,62.74,20.66,18.13,19.88,2.697,2593.4,81.262978
2018-02-09,59.2,-0.52,62.79,1.7002,1.403,362.0,-27.352,27.175,1.8551,61.57,20.03,17.49,19.31,2.584,2619.1,82.620956
2018-02-12,59.29,-0.53,62.59,1.6785,1.417,367.0,-26.912,25.825,1.8389,61.04,19.26,17.0,18.82,2.552,2655.2,83.96299
2018-02-13,59.19,-0.46,62.72,1.6853,1.416,366.75,-26.931,25.225,1.8369,60.52,19.44,17.0,18.82,2.594,2661.7,84.567871
2018-02-14,60.6,-0.4,64.36,1.713,1.454,367.25,-26.931,17.875,1.8844,60.62,19.2,17.26,19.1,2.587,2696.9,87.544937
2018-02-15,61.34,-0.44,64.33,1.7358,1.486,367.75,-26.931,17.525,1.8916,62.09,19.36,17.08,18.92,2.58,2733.9,87.894623
2018-02-16,61.68,-0.43,64.84,1.7509,1.484,367.5,-28.0,17.775,1.9104,62.41,19.71,17.27,19.1,2.558,2735.0,88.149811
2018-02-20,61.9,-0.42,65.25,1.7503,1.475,365.5,-28.4,18.375,1.9277,62.81,19.54,17.46,19.27,2.616,2714.1,86.552582
2018-02-21,61.68,-0.71,65.42,1.7573,1.477,365.75,-28.4,18.575,1.9323,62.5,20.04,17.6,19.38,2.659,2698.7,85.843765
2018-02-22,62.77,-0.73,66.39,1.7657,1.487,366.75,-28.0,18.075,1.9527,63.08,19.64,17.54,19.31,2.634,2711.5,86.99678
2018-02-23,63.55,-0.7,67.31,1.8085,1.471,366.25,-28.0,16.775,1.9694,64.15,20.06,17.54,19.3,2.625,2748.8,87.38426199999999
2018-03-02,61.25,-0.84,64.37,1.9014,1.458,377.25,-24.347,19.025,1.8796,61.57,18.67,17.53,17.78,2.695,2690.2,87.138542
2018-03-05,62.57,-0.83,65.54,1.9349,1.458,378.25,-25.335,18.275,1.8967,62.87,18.75,15.28,17.24,2.704,2718.4,86.533676
2018-03-06,62.6,-0.82,65.79,1.9331,1.498,379.75,-25.836,18.325,1.9033,63.24,18.65,15.5,17.43,2.749,2723.9,86.684898
2018-03-07,61.15,-0.85,64.34,1.9103,1.515,379.25,-26.324,17.875,1.8746,62.68,19.04,15.54,17.63,2.777,2723.3,86.987335
2018-03-08,60.12,-0.88,63.61,1.8677,1.512,385.75,-25.947,17.225,1.8591,61.85,18.44,15.92,17.89,2.756,2739.3,88.187607
2018-03-09,62.04,-0.86,65.49,1.9043,1.51,383.0,-25.637,15.775,1.8866,61.95,18.19,15.43,17.37,2.732,2783.9,89.142174
2018-03-12,61.36,-1.08,64.95,1.894,1.512,384.25,-25.578,16.175,1.8647,62.53,18.32,15.23,17.17,2.778,2784.1,87.601639
2018-03-13,60.71,-1.1,64.64,1.8863,1.522,385.5,-25.689,16.775,1.8739,62.15,18.5,15.84,17.79,2.786,2768.5,88.357727
2018-03-14,60.96,-1.12,64.89,1.9243,1.527,383.5,-25.762,17.375,1.8871,61.97,19.26,15.97,17.96,2.731,2749.7,87.573296
2018-03-15,61.19,-1.15,65.12,1.9248,1.514,386.75,-25.797,16.775,1.8929,62.24,19.15,16.01,17.97,2.681,2751.6,87.26140600000001
2018-03-16,62.34,-1.19,66.21,1.9459,1.493,382.75,-25.797,16.275,1.9118,62.74,19.02,15.83,17.79,2.688,2751.83,88.641266
2018-03-19,62.06,-1.24,66.05,1.9249,1.463,375.0,-25.797,18.175,1.907,63.31,18.76,15.87,17.83,2.651,2722.8,87.837921
2018-03-20,63.4,-1.27,67.42,1.9659,1.462,374.5,-24.6,18.375,1.9495,64.11,18.89,16.1,17.98,2.675,2723.6,89.283928
2018-03-21,65.17,-1.39,69.47,2.0122,1.471,375.0,-24.6,17.325,2.0037,65.39,18.99,16.33,18.19,2.638,2718.3,90.21012900000001
2018-03-22,64.3,-1.43,68.91,2.0096,1.481,376.0,-23.5,19.375,1.9923,66.19,19.21,16.42,18.3,2.617,2643.3,87.93244200000001
2018-03-23,65.88,-1.53,70.45,2.0336,1.451,377.25,-23.4,20.425,2.0184,66.4,19.08,16.31,18.19,2.591,2597.8,86.212349
2018-03-26,65.55,-1.6,70.12,2.0104,1.43,374.0,-23.0,19.325,2.015,66.81,18.95,16.34,18.22,2.618,2659.5,89.076004
2018-03-27,65.25,-1.66,70.11,2.0135,1.425,374.0,-22.5,20.425,2.0224,66.81,19.01,16.45,18.31,2.691,2615.7,87.204697
2018-03-28,64.38,-1.71,69.53,2.0116,1.425,373.5,-22.2,21.025,2.0148,66.06,19.08,16.46,18.36,2.698,2607.6,85.323944
2018-03-29,64.94,-1.7,69.34,2.0179,1.454,387.75,-21.9,19.775,2.0284,65.87,19.08,16.47,18.37,2.733,2643.0,87.677246
2018-04-02,63.01,-1.72,67.64,1.9661,1.41,387.25,-19.824,21.425,1.9802,66.08,19.58,16.46,20.17,2.683,2575.0,86.533676
2018-04-03,63.51,-1.72,68.12,1.9741,1.405,388.5,-18.232,20.475,1.995,64.97,19.43,16.46,20.29,2.697,2613.2,87.611092
2018-04-04,63.37,-3.62,68.02,1.9768,1.405,381.0,-16.807,19.975,1.9773,64.48,19.65,18.16,19.74,2.718,2647.0,88.225418
2018-04-05,63.54,-4.5,68.33,1.9816,1.422,389.5,-17.507,19.075,1.9765,65.17,19.66,17.97,19.55,2.675,2661.8,90.597626
2018-04-06,62.06,-4.94,67.11,1.9547,1.434,388.5,-17.319,20.625,1.9578,64.81,19.94,18.56,20.11,2.701,2605.7,89.95495600000001
2018-04-09,63.42,-5.03,68.65,1.9842,1.459,390.75,-17.025,20.825,1.9966,65.08,19.85,18.86,20.31,2.693,2619.1,90.739403
2018-04-10,65.51,-4.98,71.04,2.0409,1.465,389.25,-16.731,20.175,2.0648,66.95,20.08,19.42,20.89,2.656,2655.1,93.461288
2018-04-11,66.82,-4.81,72.06,2.0676,1.487,387.0,-16.641,20.075,2.0927,68.29,19.96,19.33,20.8,2.675,2641.1,94.803329
2018-04-12,67.07,-4.8,72.02,2.0546,1.498,388.75,-16.593,18.825,2.0838,68.74,19.48,18.81,20.43,2.686,2664.0,95.011261
2018-04-13,67.39,-4.74,72.58,2.0654,1.488,386.25,-16.594,17.925,2.1002,69.29,19.54,18.98,20.62,2.735,2657.3,96.239899
2018-04-16,66.22,-4.49,71.42,2.0399,1.473,382.5,-16.594,16.825,2.0703,68.41,19.58,18.78,20.57,2.752,2681.7,99.69896700000001
2018-04-17,66.52,-4.29,71.58,2.0412,1.475,380.25,-16.594,15.325,2.0571,68.36,19.47,18.4,20.16,2.738,2706.6,100.83309200000001
2018-04-18,68.47,-4.28,73.48,2.0683,1.502,383.0,-16.65,17.26,2.0911,69.39,19.11,18.17,19.93,2.739,2709.7,101.636436
2018-04-23,68.64,-5.17,74.71,2.1237,1.49,378.5,-18.05,18.45,2.1409,70.51,19.81,18.76,20.59,2.74,2671.3,103.262016
2018-04-24,67.7,-5.37,73.86,2.0949,1.468,381.25,-17.0,18.725,2.1276,71.35,19.75,18.87,20.69,2.781,2635.3,102.345268
2018-04-25,68.05,-5.28,74.0,2.0897,1.472,386.5,-17.25,18.7,2.136,70.5,19.64,18.87,20.69,2.786,2644.5,102.71386
2018-04-26,68.19,-5.14,74.74,2.1123,1.465,386.0,-17.7,18.575,2.16,71.0,19.76,18.95,20.81,2.821,2674.6,105.41684
2018-04-27,68.1,-5.17,74.64,2.1269,1.448,389.5,-17.55,18.275,2.1509,71.24,19.83,18.93,20.78,2.771,2671.4,103.75347099999999
2018-04-30,68.57,-5.17,74.69,2.1292,1.445,392.5,-16.4,18.25,2.1674,71.02,19.8,18.94,20.79,2.763,2647.0,104.84034
2018-05-01,67.25,-5.16,73.13,2.0876,1.429,396.75,-15.327,17.975,2.0997,70.57,20.46,18.93,20.97,2.802,2652.2,104.641869
2018-05-02,67.93,-5.16,73.36,2.0798,1.429,396.0,-15.581,18.15,2.1215,70.46,19.51,18.93,21.2,2.754,2627.4,106.087875
2018-05-03,68.43,-12.23,73.62,2.0875,1.429,399.5,-15.561,18.075,2.1127,70.64,19.35,18.81,20.42,2.726,2631.8,107.14638500000001
2018-05-04,69.72,-13.01,74.87,2.114,1.498,398.75,-15.888,17.9,2.154,70.98,19.19,19.22,20.79,2.711,2663.1,107.165291
2018-05-07,70.73,-12.72,76.17,2.134,1.477,393.25,-15.698,15.725,2.185,72.44,19.05,19.54,21.03,2.741,2670.0,107.429924
2018-05-08,69.06,-11.98,74.85,2.1114,1.474,395.5,-15.638,15.775,2.1577,72.1,19.59,20.14,21.42,2.732,2670.3,106.97627299999999
2018-05-09,71.14,-12.06,77.21,2.1673,1.467,394.75,-15.409,14.825,2.218,73.95,19.79,20.49,21.75,2.737,2696.0,108.516792
2018-05-10,71.36,-12.08,77.47,2.189,1.464,394.75,-15.369,14.175,2.2228,74.45,20.25,20.3,21.73,2.814,2718.7,108.204903
2018-05-11,70.7,-11.96,77.12,2.1888,1.459,389.75,-15.47,13.675,2.222,74.41,20.66,20.89,22.12,2.806,2729.4,108.33721899999999
2018-05-14,70.96,-11.67,78.23,2.2002,1.478,389.0,-15.377,13.375,2.2496,74.2,20.77,21.43,22.64,2.842,2730.9,109.50916299999999
2018-05-15,71.31,-10.8,78.43,2.2048,1.491,402.25,-15.129,14.875,2.249,75.47,20.68,21.12,22.42,2.836,2709.0,109.53750600000001
2018-05-16,71.49,-10.77,79.28,2.2499,1.471,399.25,-15.103,14.675,2.2692,75.18,21.54,21.41,22.75,2.815,2722.9,109.432823
2018-05-17,71.49,-10.29,79.3,2.2431,1.456,395.25,-15.103,14.375,2.2808,76.76,21.41,21.59,22.98,2.859,2718.7,113.92471299999998
2018-05-18,71.28,-9.71,78.51,2.2333,1.464,402.5,-15.103,14.525,2.2655,76.47,21.32,21.41,22.8,2.847,2713.0,114.733627
2018-05-21,72.24,-9.19,79.22,2.2565,1.489,402.75,-17.15,14.075,2.2738,76.22,21.32,21.16,22.57,2.81,2733.1,116.161148
2018-05-22,72.13,-9.4,79.57,2.2702,1.492,404.75,-17.75,14.225,2.28,77.19,21.55,21.25,22.7,2.908,2726.1,114.343452
2018-05-23,71.84,-10.09,79.8,2.2601,1.504,408.5,-17.0,13.875,2.2896,76.43,21.53,21.44,22.91,2.914,2730.7,115.199959
2018-05-24,70.71,-10.15,78.79,2.2338,1.497,404.25,-17.0,13.825,2.2667,76.62,21.54,21.48,22.95,2.94,2727.6,115.98984499999999
2018-05-25,67.88,-10.15,76.44,2.1814,1.501,406.0,-18.1,14.125,2.2098,74.87,21.65,21.53,23.02,2.939,2718.3,112.992073
2018-05-30,68.21,-10.33,77.5,2.1842,1.46,393.5,-25.2,15.175,2.2317,73.73,21.61,21.6,23.08,2.885,2724.6,116.303886
2018-05-31,67.04,-10.27,77.56,2.1603,1.462,394.0,-25.75,15.425,2.1914,75.18,21.62,21.61,23.06,2.952,2705.5,115.342697
2018-06-01,65.81,-10.28,76.79,2.1434,1.462,391.5,-25.257,14.425,2.1763,74.25,24.22,21.61,25.6,2.962,2733.8,117.79801200000001
2018-06-04,64.75,-10.28,75.29,2.1224,1.43,380.75,-15.393,13.925,2.1525,73.57,24.4,21.61,25.67,2.93,2745.5,118.426125
2018-06-05,65.52,-9.63,75.38,2.1062,1.43,383.75,-16.065,13.625,2.1416,72.8,23.09,22.83,24.56,2.89,2751.6,117.369766
2018-06-06,64.73,-9.26,75.36,2.07,1.434,378.25,-16.397,13.075,2.1266,73.07,22.45,22.92,24.69,2.896,2772.2,115.342697
2018-06-07,65.95,-8.57,77.32,2.1148,1.446,376.25,-17.315,13.175,2.1799,73.63,23.0,23.75,25.52,2.93,2772.2,115.61868999999999
2018-06-08,65.74,-9.42,76.46,2.1153,1.447,377.75,-18.3,13.325,2.1643,74.23,23.18,23.42,25.19,2.89,2778.8,113.934227
2018-06-11,66.1,-8.69,76.46,2.1049,1.426,367.25,-18.215,12.875,2.1607,73.97,22.61,23.1,24.82,2.949,2783.0,114.743149
2018-06-12,66.36,-9.01,75.88,2.0899,1.444,377.5,-18.113,12.775,2.1618,74.12,22.02,22.96,24.68,2.939,2783.9,112.316383
2018-06-13,66.64,-9.48,76.74,2.1252,1.437,376.0,-18.099,13.225,2.1851,73.36,22.78,23.41,25.13,2.963,2774.3,112.183151
2018-06-14,66.89,-9.56,75.94,2.091,1.413,363.0,-18.132,12.675,2.1587,73.81,21.84,22.62,24.38,2.965,2783.2,111.174377
2018-06-15,65.06,-9.45,73.44,2.0232,1.417,361.25,-18.132,12.575,2.087,72.8,21.31,22.0,23.76,3.022,2776.85,109.61363200000001
2018-06-18,65.85,-9.18,75.34,2.0546,1.399,356.0,-18.132,12.675,2.1316,71.1,21.55,22.47,24.26,2.951,2779.7,110.90790600000001
2018-06-19,65.07,-8.91,75.08,2.0379,1.393,353.75,-23.65,13.575,2.1218,71.88,21.58,22.63,24.43,2.9,2766.2,110.984047
2018-06-20,66.22,-8.01,74.74,2.0235,1.403,354.25,-24.0,13.925,2.1071,72.49,21.02,22.06,23.86,2.964,2772.0,110.13706200000001
2018-06-21,65.54,-7.38,73.05,2.0123,1.42,357.0,-24.0,14.875,2.0701,70.96,20.93,21.6,23.4,2.975,2752.5,105.845009
2018-06-22,68.58,-8.39,75.55,2.0705,1.418,357.25,-24.0,14.425,2.1254,71.89,20.75,21.37,23.19,2.945,2759.5,106.81572
2018-06-27,72.76,-8.34,77.62,2.1336,1.415,352.5,-20.7,16.925,2.1772,74.31,20.44,21.01,22.8,2.996,2704.9,104.227173
2018-06-28,73.45,-8.4,77.85,2.1329,1.417,345.0,-21.0,16.525,2.1782,74.86,20.37,20.93,22.74,2.94,2719.5,103.83699
2018-07-02,73.94,-8.38,77.3,2.1048,1.403,337.5,-20.9,16.025,2.1558,75.61,15.23,20.96,17.37,2.862,2727.3,103.951187
2018-07-05,72.94,-12.68,77.39,2.1293,1.403,343.5,-20.347,15.475,2.1787,75.21,17.09,17.28,19.16,2.837,2738.6,102.333336
2018-07-06,73.8,-13.33,77.11,2.1085,1.439,351.75,-19.906,14.575,2.1684,74.5,15.57,16.26,18.02,2.858,2762.9,102.618843
2018-07-09,73.85,-13.37,78.07,2.1485,1.433,345.75,-19.606,13.775,2.1957,75.23,16.77,17.04,18.79,2.828,2787.4,103.98925
2018-07-10,74.11,-14.18,78.86,2.1603,1.425,339.75,-19.282,13.425,2.2218,76.34,16.85,17.63,19.32,2.788,2796.7,103.370667
2018-07-11,70.38,-14.54,73.4,2.0614,1.398,331.25,-19.724,14.175,2.1008,74.4,16.53,16.65,18.34,2.829,2774.1,101.219894
2018-07-12,70.33,-13.42,74.45,2.0717,1.411,336.5,-19.644,13.325,2.1231,72.15,16.67,17.12,18.82,2.797,2798.5,101.629097
2018-07-13,71.01,-12.47,75.33,2.1067,1.401,330.25,-19.251,12.975,2.1334,72.15,17.19,16.99,18.7,2.752,2803.2,102.152519
2018-07-16,68.06,-12.6,71.84,2.0022,1.405,341.75,-19.152,13.45,2.0543,71.9,16.34,16.69,18.46,2.759,2796.5,101.162788
2018-07-17,68.08,-13.23,72.16,2.0261,1.413,346.25,-19.151,12.75,2.0701,70.38,16.84,16.99,18.78,2.74,2811.3,100.962929
2018-07-18,68.76,-13.25,72.9,2.0444,1.412,347.25,-19.151,12.75,2.0903,69.98,16.9,17.11,18.88,2.721,2816.0,101.49587199999999
2018-07-19,69.46,-13.45,72.58,2.0435,1.42,351.25,-26.0,13.225,2.0901,70.91,16.65,16.91,18.65,2.769,2805.3,101.828964
2018-07-20,70.46,-13.44,73.07,2.069,1.429,355.25,-26.3,13.325,2.1044,71.57,17.02,17.09,18.82,2.757,2800.8,101.07713299999999
2018-07-23,67.89,-13.7,73.06,2.0914,1.431,357.25,-26.3,12.85,2.118,71.85,17.45,17.4,19.14,2.721,2812.0,101.143745
2018-07-24,68.52,-13.6,73.44,2.0956,1.423,352.0,-28.0,12.65,2.1326,72.01,17.32,17.39,19.13,2.732,2821.0,102.08590699999999
2018-07-25,69.3,-13.75,73.93,2.1231,1.425,359.25,-29.0,13.825,2.1512,72.87,17.41,17.38,19.14,2.775,2841.3,104.046364
2018-07-26,69.61,-13.94,74.54,2.1623,1.445,361.5,-28.8,13.85,2.1769,73.62,17.67,17.51,19.28,2.78,2842.5,111.183899
2018-07-27,68.69,-13.9,74.29,2.1619,1.437,362.0,-29.0,14.325,2.1552,73.69,17.8,17.51,19.28,2.822,2817.5,110.72708899999999
2018-07-30,70.13,-13.91,74.97,2.1603,1.453,367.25,-29.0,14.875,2.171,73.53,17.65,17.45,19.2,2.797,2803.2,111.59311699999999
2018-07-31,68.76,-13.87,74.21,2.1291,1.45,372.25,-29.0,14.075,2.1319,73.62,17.65,17.44,19.2,2.782,2817.1,112.63043200000001
2018-08-01,67.66,-13.87,72.39,2.0451,1.445,365.0,-29.964,14.275,2.0974,72.0,18.63,17.44,20.83,2.758,2810.8,111.136307
2018-08-02,68.96,-13.87,73.45,2.0681,1.43,366.75,-30.844,13.925,2.1318,71.52,18.37,17.44,21.02,2.816,2828.4,109.75639299999999
2018-08-03,68.49,-16.94,73.21,2.0655,1.43,369.75,-31.001,13.525,2.1269,71.98,18.64,19.63,21.2,2.853,2839.5,109.80396999999999
2018-08-06,69.01,-17.04,73.75,2.0651,1.434,371.0,-31.001,13.025,2.1393,72.18,18.15,19.52,21.19,2.86,2850.1,110.101051
2018-08-07,69.17,-16.03,74.65,2.104,1.421,370.75,-30.858,12.725,2.1691,72.49,19.28,20.36,22.0,2.897,2859.7,111.845184
2018-08-08,66.94,-16.01,72.28,2.0195,1.389,371.25,-29.933,12.575,2.1157,72.1,18.21,20.24,21.94,2.949,2855.3,111.068954
2018-08-09,66.81,-14.4,72.07,1.9999,1.37,369.25,-29.052,12.675,2.1119,72.03,17.69,20.2,21.92,2.955,2853.8,110.34063
2018-08-10,67.63,-12.62,72.81,2.0392,1.349,357.75,-29.025,13.775,2.1397,70.6,18.26,20.47,22.16,2.944,2836.8,110.561043
2018-08-13,67.2,-15.5,72.61,2.0147,1.353,356.5,-29.522,14.875,2.137,70.97,17.86,20.73,22.35,2.93,2825.5,110.00521100000002
2018-08-14,67.04,-15.62,72.46,2.0341,1.369,362.25,-29.362,13.725,2.1287,71.33,18.48,20.57,22.27,2.959,2841.0,110.25438700000001
2018-08-15,65.01,-16.09,70.76,1.9974,1.357,361.5,-29.366,14.875,2.0904,69.77,18.7,20.74,22.45,2.94,2821.2,106.871521
2018-08-16,65.46,-15.87,71.43,1.9874,1.367,365.25,-29.395,13.725,2.0964,69.47,18.25,20.64,22.35,2.908,2844.7,106.679855
2018-08-17,65.91,-15.74,71.83,1.9809,1.361,364.25,-29.395,13.075,2.0982,70.27,17.95,20.45,22.21,2.946,2852.2,106.373199
2018-08-20,66.43,-15.82,72.21,2.0151,1.355,362.0,-29.395,12.775,2.1138,70.64,18.46,20.61,22.38,2.941,2858.6,108.67316399999999
2018-08-21,67.35,-15.84,72.63,2.0179,1.349,359.75,-26.75,12.875,2.1236,71.01,18.32,20.61,22.36,2.98,2861.7,109.38231699999999
2018-08-22,67.86,-15.63,74.78,2.068,1.32,352.5,-26.75,14.175,2.1683,71.75,18.34,20.56,22.3,2.956,2861.2,110.858116
2018-08-23,67.83,-15.51,74.73,2.0592,1.294,346.75,-26.7,14.225,2.1754,73.01,18.24,20.66,22.4,2.964,2858.0,113.138916
2018-08-24,68.72,-15.42,75.82,2.0779,1.313,348.5,-26.75,14.125,2.2022,74.02,18.22,20.76,22.47,2.917,2876.7,115.525124
2018-08-27,68.87,-15.88,76.21,2.0896,1.309,346.75,-26.75,14.125,2.2149,74.09,18.29,20.84,22.55,2.876,2898.4,116.15761599999999
2018-08-28,68.53,-16.02,75.95,2.0787,1.3,341.0,-26.75,14.075,2.2114,74.75,18.27,20.9,22.59,2.852,2899.3,115.371796
2018-08-29,69.51,-16.06,77.14,2.106,1.258,341.25,-27.0,13.925,2.2421,74.48,18.29,20.96,22.63,2.895,2914.7,115.582619
2018-08-30,70.25,-16.1,77.77,2.1435,1.232,341.0,-27.0,14.525,2.2483,75.72,18.37,20.92,22.59,2.874,2902.0,114.08764599999999
2018-08-31,69.8,-16.1,77.64,2.1437,1.28,351.0,-27.0,14.025,2.2413,75.74,18.38,20.91,22.58,2.916,2902.1,112.96641499999998
2018-09-04,69.87,-16.1,78.17,1.9942,1.303,354.5,-24.8,14.225,2.2547,76.32,13.99,20.91,24.93,2.823,2898.3,115.228043
2018-09-05,68.72,-16.1,77.27,1.9648,1.291,351.75,-24.875,14.575,2.2345,75.18,13.89,20.91,25.21,2.795,2888.3,112.03685
2018-09-06,67.77,-15.47,76.5,1.951,1.291,353.5,-26.775,15.175,2.2091,74.51,14.22,23.41,25.09,2.772,2879.1,111.231857
2018-09-07,67.75,-13.99,76.83,1.97,1.292,354.25,-27.9,15.375,2.2182,74.17,14.89,23.72,25.41,2.776,2874.7,110.283134
2018-09-10,67.54,-14.43,77.37,1.9592,1.29,355.5,-29.525,14.775,2.2178,75.2,14.67,23.85,25.54,2.804,2880.3,110.44603700000002
2018-09-11,69.25,-14.37,79.06,2.0142,1.293,355.25,-30.875,14.225,2.252,76.02,15.14,23.59,25.37,2.828,2889.8,110.302299
2018-09-12,70.37,-13.85,79.74,2.0348,1.265,341.5,-31.85,14.025,2.2577,77.16,14.97,22.91,24.76,2.829,2888.4,111.461853
2018-09-13,68.59,-13.71,78.18,1.9929,1.274,336.25,-32.55,13.375,2.2235,76.46,14.97,23.14,24.97,2.817,2905.3,111.96019
2018-09-14,68.99,-13.56,78.09,1.9702,1.281,337.0,-30.191,12.875,2.2092,76.05,14.2,22.54,24.4,2.767,2906.3,112.24767299999999
2018-09-17,68.91,-12.82,78.05,1.9768,1.274,348.0,-30.191,13.575,2.2064,76.19,14.39,22.56,24.38,2.814,2891.0,110.64729299999999
2018-09-18,69.85,-11.84,79.03,2.0049,1.267,343.25,-30.191,12.725,2.2357,76.09,14.52,22.71,24.54,2.933,2906.5,110.52271999999999
2018-09-19,71.12,-12.72,79.4,2.0207,1.255,345.75,-32.0,14.275,2.2466,77.06,14.29,22.4,24.22,2.908,2909.9,105.12738799999998
2018-09-20,70.8,-12.85,78.7,2.0146,1.262,352.5,-33.75,14.025,2.228,77.13,14.35,22.27,24.09,2.976,2934.1,105.87487800000001
2018-09-21,70.78,-12.93,78.8,2.0171,1.251,357.25,-33.75,14.125,2.226,77.08,14.24,22.07,23.91,2.977,2940.45,107.561508
2018-09-24,72.08,-12.44,81.2,2.0547,1.25,360.5,-33.75,14.025,2.2859,78.81,14.31,22.39,24.24,3.038,2925.4,110.16813700000002
2018-09-25,72.28,-12.36,81.87,2.0677,1.265,363.75,-33.75,14.075,2.3053,80.44,14.39,22.53,24.37,3.082,2921.3,111.893105
2018-09-26,71.57,-12.06,81.34,2.0585,1.273,363.0,-33.75,14.425,2.2998,81.58,14.43,22.61,24.44,3.021,2911.5,111.663109
2018-09-27,72.12,-12.03,81.72,2.0824,1.296,364.75,-34.75,14.125,2.3231,80.88,14.48,22.64,24.48,3.056,2919.9,110.484375
2018-09-28,73.25,-12.09,82.73,2.1012,1.285,356.25,-35.75,13.975,2.3518,81.48,14.47,22.65,24.5,3.008,2919.0,109.008568
2018-10-01,75.3,-12.1,84.98,2.1275,1.295,365.75,-39.601,13.925,2.4079,81.58,14.11,22.64,25.88,3.094,2930.1,109.133141
2018-10-02,75.23,-12.1,84.8,2.1269,1.305,367.5,-39.52,13.975,2.4076,83.28,14.15,22.64,25.94,3.166,2928.5,110.70478100000001
2018-10-03,76.41,-7.72,86.29,2.1378,1.305,364.75,-41.744,13.775,2.4372,83.64,13.49,23.99,25.99,3.23,2931.6,114.988464
2018-10-04,74.33,-7.7,84.58,2.1004,1.32,367.5,-42.692,14.875,2.3997,84.09,13.9,24.46,26.4,3.165,2907.7,112.333931
2018-10-05,74.34,-7.28,84.16,2.0861,1.32,368.25,-43.961,15.225,2.3923,83.24,13.4,24.16,26.14,3.143,2894.1,112.22851599999998
2018-10-08,74.29,-7.17,83.91,2.0937,1.322,366.5,-43.961,15.675,2.3942,81.88,13.71,24.32,26.26,3.267,2893.7,111.33728799999999
2018-10-09,74.96,-8.02,85.0,2.0774,1.318,364.5,-45.302,15.975,2.4238,83.17,12.71,24.73,26.69,3.266,2888.2,110.838959
2018-10-10,73.17,-8.09,83.09,2.0204,1.32,362.75,-46.975,20.125,2.3949,82.6,12.29,25.07,27.09,3.284,2781.1,106.21986399999999
2018-10-11,70.97,-7.11,80.26,1.9327,1.305,369.25,-46.572,21.175,2.3322,80.14,11.32,24.8,26.81,3.222,2745.4,102.434517
2018-10-15,71.78,-6.5,80.78,1.9443,1.308,378.25,-45.51,20.125,2.3257,79.31,11.15,24.05,26.16,3.242,2749.1,99.46373
2018-10-16,71.92,-5.82,81.41,1.9773,1.284,375.25,-45.844,17.675,2.3402,79.02,11.8,24.26,26.41,3.239,2817.8,101.495369
2018-10-17,69.75,-5.96,80.05,1.9187,1.28,374.25,-45.844,17.125,2.3111,79.5,11.62,24.64,26.83,3.32,2816.2,99.41581
2018-10-18,68.65,-5.36,79.29,1.8911,1.265,370.75,-45.844,18.425,2.2949,78.25,11.56,24.83,26.97,3.198,2772.2,99.080399
2018-10-19,69.12,-5.28,79.78,1.9139,1.259,367.0,-44.25,18.425,2.302,78.15,11.72,24.71,26.88,3.25,2767.5,88.893501
2018-10-22,69.17,-5.27,79.83,1.9067,1.263,369.5,-44.0,18.625,2.3181,78.68,11.59,24.92,27.08,3.138,2756.5,88.979744
2018-10-23,66.43,-9.48,76.44,1.8368,1.268,370.25,-47.0,18.825,2.2484,77.11,11.59,26.3,27.09,3.212,2746.2,87.839355
2018-10-24,66.82,-6.1,76.17,1.8223,1.277,368.25,-45.0,20.625,2.2521,75.04,11.32,24.82,27.02,3.166,2664.3,83.07650799999999
2018-10-25,67.33,-5.8,76.89,1.8129,1.26,361.0,-45.0,20.925,2.2781,75.33,11.13,24.95,27.15,3.202,2688.2,83.73774
2018-10-26,67.59,-6.04,77.62,1.815,1.277,367.75,-43.0,21.075,2.303,75.71,11.1,25.09,27.29,3.185,2669.6,82.214027
2018-10-29,67.04,-5.99,77.34,1.8249,1.273,366.75,-45.844,21.525,2.2843,76.07,11.23,25.08,27.26,3.185,2643.6,83.73774
2018-10-30,66.18,-5.99,75.91,1.8059,1.257,364.75,-42.0,20.925,2.2598,75.51,11.23,25.06,27.24,3.187,2685.3,86.344368
2018-10-31,65.31,-6.02,75.04,1.768,1.262,363.25,-43.0,20.275,2.2618,75.24,11.2,25.11,27.28,3.261,2711.1,87.29310600000001
2018-11-01,63.69,-6.03,72.89,1.7165,1.278,366.75,-45.063,19.275,2.2008,72.64,8.35,25.09,28.69,3.237,2738.1,88.65392299999999
2018-11-02,63.14,-6.03,72.83,1.7083,1.302,371.25,-44.412,19.575,2.1728,71.35,8.55,25.09,28.09,3.284,2724.3,88.002266
2018-11-05,63.1,-4.96,73.17,1.6919,1.302,374.0,-42.624,19.425,2.1963,71.45,7.97,26.48,29.04,3.567,2739.6,87.35060899999999
2018-11-06,62.21,-5.02,72.13,1.694,1.297,373.25,-42.841,18.625,2.1883,70.88,8.8,26.84,29.5,3.555,2759.0,87.47518199999999
2018-11-07,61.67,-4.44,72.07,1.6474,1.276,372.25,-43.673,16.825,2.2371,70.63,7.64,28.56,31.59,3.555,2816.4,88.730568
2018-11-08,60.67,-4.17,70.65,1.6443,1.269,373.5,-43.003,16.975,2.1683,70.68,8.3,27.21,30.14,3.543,2808.7,85.002724
2018-11-09,60.19,-4.48,70.18,1.6214,1.255,369.75,-43.028,17.475,2.1728,68.89,7.96,27.39,30.62,3.719,2778.9,83.92942
2018-11-12,59.93,-4.62,70.12,1.6367,1.259,371.25,-42.922,19.575,2.1556,69.82,8.56,27.04,30.32,3.788,2727.8,82.38651999999999
2018-11-13,55.69,-5.15,65.47,1.5427,1.238,366.5,-42.577,19.425,2.0625,67.01,8.75,27.12,30.53,4.101,2727.6,80.086555
2018-11-14,56.25,-4.98,66.12,1.5606,1.258,367.0,-42.697,20.175,2.0959,64.51,8.84,27.42,30.99,4.837,2698.6,78.907822
2018-11-15,56.46,-5.16,66.62,1.5566,1.263,367.5,-42.794,19.375,2.0741,65.28,8.63,26.85,30.39,4.038,2734.5,79.799065
2018-11-16,56.46,-5.78,66.76,1.577,1.264,364.75,-42.794,18.275,2.0737,66.0,9.04,26.84,30.38,4.272,2742.9,80.450714
2018-11-19,56.76,-5.48,66.79,1.5829,1.254,362.25,-42.794,19.925,2.0864,65.46,8.94,26.86,30.4,4.7,2696.3,78.070572
2018-11-20,53.43,-5.79,62.53,1.4959,1.25,361.25,-35.85,22.175,1.9902,64.02,8.98,26.69,30.29,4.523,2639.9,76.058105
2018-11-21,54.63,-5.8,63.48,1.5107,1.279,361.75,-35.75,20.125,1.9702,62.33,8.78,26.09,29.61,4.451,2649.0,76.62894399999999
2018-11-23,50.42,-5.77,58.8,1.3913,1.276,359.0,-32.5,20.475,1.8762,60.27,8.56,26.16,29.7,4.308,2629.5,74.529388
2018-11-26,51.63,-5.8,60.48,1.4426,1.254,356.0,-33.75,18.925,1.893,59.29,8.78,26.03,29.57,4.248,2669.9,76.22258000000001
2018-11-27,51.56,-5.78,60.21,1.4208,1.222,356.5,-34.25,18.775,1.886,59.05,8.62,25.98,29.53,4.262,2683.5,74.916412
2018-11-28,50.29,-5.79,58.76,1.3979,1.214,360.5,-33.0,18.225,1.8384,59.25,8.66,25.88,29.42,4.715,2741.5,76.84180500000001
2018-11-29,51.45,-5.82,59.51,1.4547,1.2,360.25,-30.0,18.375,1.8436,58.09,8.78,25.79,29.33,4.646,2744.2,76.890182
2018-11-30,50.93,-5.81,59.46,1.4413,1.221,366.5,-28.5,17.675,1.8455,58.33,8.78,25.81,29.36,4.612,2758.3,77.306229
2018-12-03,52.95,-5.8,61.69,1.4314,1.23,371.25,-24.576,16.775,1.8875,60.57,7.1,25.76,26.26,4.339,2790.7,78.660782
2018-12-04,53.25,-5.8,62.08,1.4434,1.235,374.25,-23.692,19.425,1.9009,61.09,7.29,25.76,26.5,4.457,2701.7,76.928886
2018-12-06,51.49,-7.97,60.06,1.4334,1.229,372.0,-19.719,19.925,1.8582,58.79,8.45,22.11,26.47,4.327,2691.1,76.280632
2018-12-07,52.61,-8.19,61.67,1.4858,1.238,374.0,-18.081,21.425,1.8862,59.2,9.31,22.12,26.51,4.488,2636.0,73.52314799999999
2018-12-10,51.0,-8.4,59.97,1.4189,1.221,374.25,-16.96,21.325,1.8441,59.72,8.42,21.93,26.39,4.545,2643.1,70.99787099999999
2018-12-11,51.65,-8.36,60.2,1.4398,1.234,375.0,-16.765,21.275,1.8471,58.57,8.58,21.56,26.03,4.407,2641.2,70.891441
2018-12-12,51.15,-8.43,60.15,1.4204,1.255,376.25,-16.841,21.075,1.8509,59.2,8.37,22.03,26.46,4.136,2652.4,71.24943499999999
2018-12-13,52.58,-8.23,61.45,1.4782,1.25,375.5,-16.858,20.725,1.8765,58.67,8.95,21.73,26.22,4.124,2645.6,71.07527900000001
2018-12-14,51.2,-8.22,60.28,1.4343,1.258,376.75,-16.858,21.725,1.8453,59.07,8.7,21.75,26.26,3.827,2602.0,70.920486
2018-12-17,49.88,-8.08,59.61,1.4104,1.259,384.0,-16.858,23.475,1.8267,58.24,8.84,21.92,26.51,3.528,2552.5,70.223846
2018-12-18,46.24,-7.87,56.26,1.3505,1.26,385.5,-16.6,24.675,1.7539,56.08,9.32,22.15,26.76,3.838,2535.8,68.753189
2018-12-19,47.2,-7.72,57.24,1.3863,1.248,381.75,-16.0,22.325,1.8054,55.13,9.33,22.38,27.03,3.726,2503.2,68.675797
2018-12-20,45.88,-7.59,54.35,1.3224,1.229,375.25,-15.95,22.725,1.7497,53.92,9.2,22.2,27.01,3.583,2485.7,68.317802
2018-12-21,45.59,-7.29,53.82,1.3183,1.238,378.5,-15.95,24.3,1.7327,52.64,9.22,22.06,26.88,3.816,2458.9,69.314362
2018-12-26,46.22,-7.52,54.47,1.3304,1.232,373.25,-15.75,24.675,1.7336,50.11,9.21,21.99,26.77,3.543,2470.9,70.930161
2018-12-27,44.61,-7.48,52.16,1.304,1.247,374.5,-15.75,25.025,1.6783,52.35,9.28,21.93,26.66,3.642,2494.9,72.207298
2018-12-28,45.33,-7.43,53.21,1.3262,1.255,375.5,-15.65,25.325,1.6647,51.55,9.3,21.86,26.53,3.303,2486.0,71.094643
2019-01-04,47.96,-6.19,57.06,1.3478,1.274,383.0,-11.558,21.925,1.7692,55.13,16.42,22.87,26.15,3.044,2531.3,74.51004
2019-01-07,48.52,-6.23,57.33,1.3408,1.284,382.25,-10.735,21.425,1.7784,56.42,15.66,22.86,26.02,2.944,2550.6,74.58744
2019-01-08,49.78,-5.56,58.72,1.3626,1.271,380.0,-10.14,20.625,1.827,56.09,15.19,23.1,26.64,2.967,2572.4,74.848679
2019-01-09,52.36,-5.23,61.44,1.4254,1.281,382.0,-9.581,20.125,1.8808,58.22,15.35,22.6,26.39,2.984,2582.6,74.780952
2019-01-10,52.59,-5.92,61.68,1.4307,1.27,376.25,-9.277,19.875,1.9061,59.46,15.51,23.33,26.99,2.969,2594.1,74.90673100000001
2019-01-11,51.59,-5.97,60.48,1.4007,1.287,378.25,-9.275,19.025,1.8797,60.0,15.47,23.34,26.92,3.099,2595.1,75.922646
2019-01-14,50.51,-5.47,58.99,1.3638,1.286,378.5,-9.324,19.225,1.8525,58.39,15.06,23.07,26.89,3.591,2580.5,76.387054
2019-01-15,52.11,-5.17,60.64,1.4114,1.272,371.25,-9.343,18.825,1.8722,58.24,15.22,22.8,26.45,3.501,2605.4,76.212898
2019-01-16,52.31,-4.78,61.32,1.4159,1.262,374.0,-9.36,19.025,1.8946,59.52,15.29,23.4,26.84,3.384,2613.2,76.43544
2019-01-17,52.07,-4.06,61.18,1.43,1.269,380.0,-9.36,18.525,1.8843,59.63,15.78,23.31,26.74,3.413,2635.2,77.877075
2019-01-18,53.8,-4.21,62.7,1.4528,1.279,381.75,-9.36,18.325,1.916,60.9,15.24,23.25,26.59,3.482,2671.6,79.908897
2019-01-22,52.57,-4.11,61.5,1.4015,1.271,379.0,-10.5,20.175,1.9011,60.66,14.3,23.49,26.76,3.04,2631.9,79.347725
2019-01-23,52.62,-3.8,61.14,1.3857,1.27,378.75,-10.0,19.725,1.8886,60.52,14.26,23.52,26.71,2.98,2638.3,77.190117
2019-01-24,53.13,-2.97,61.09,1.3876,1.261,377.0,-9.35,19.175,1.8856,60.22,14.02,23.33,26.53,3.099,2634.0,76.387054
2019-01-25,53.69,-2.25,61.64,1.3894,1.274,380.25,-9.55,18.275,1.8919,60.9,13.62,23.34,26.46,3.178,2663.5,79.521889
2019-01-28,51.99,-1.75,59.93,1.3331,1.271,379.75,-9.9,19.125,1.8377,59.57,13.17,23.22,26.34,2.911,2641.9,78.399536
2019-01-29,53.31,-1.5,61.32,1.3509,1.268,377.25,-8.85,18.925,1.8975,59.71,12.88,23.41,26.52,2.95,2640.3,78.505974
2019-01-30,54.23,-1.18,61.65,1.3823,1.267,381.25,-9.5,17.975,1.8984,60.93,13.0,23.32,26.44,2.854,2682.5,80.5765
2019-01-31,53.79,-0.81,60.84,1.3627,1.279,376.5,-9.55,17.125,1.8788,61.19,12.33,23.29,26.41,2.814,2704.5,84.969116
2019-02-01,55.26,-1.07,62.75,1.4369,1.303,378.25,-9.4,17.025,1.9127,60.96,13.0,23.27,24.98,2.734,2704.2,82.492226
2019-02-04,54.56,-1.6,62.51,1.4323,1.32,379.25,-9.688,16.525,1.9074,62.33,13.02,23.27,25.42,2.66,2721.2,82.037483
2019-02-05,53.66,-1.85,61.98,1.4259,1.32,380.75,-9.592,16.525,1.8975,62.07,13.52,23.64,25.85,2.662,2731.1,83.169495
2019-02-06,54.01,-1.81,62.69,1.4591,1.307,380.0,-9.484,16.375,1.9122,62.3,14.31,23.76,26.08,2.662,2729.4,83.130798
2019-02-07,52.64,-1.61,61.63,1.4258,1.293,376.5,-9.858,17.175,1.9005,61.57,14.4,24.5,26.76,2.551,2704.1,81.18605
2019-02-08,52.72,-1.37,62.1,1.4464,1.308,374.25,-10.319,16.625,1.9085,61.37,15.0,24.68,26.95,2.583,2706.3,81.40857700000001
2019-02-11,52.41,-1.2,61.51,1.4192,1.318,372.75,-10.161,16.225,1.8922,61.4,14.38,24.25,26.69,2.642,2708.3,80.63454399999999
2019-02-12,53.1,-0.92,62.42,1.4272,1.329,378.25,-10.107,15.625,1.9072,61.88,14.28,24.2,26.66,2.688,2744.8,80.526962
2019-02-13,53.9,-0.52,63.61,1.4651,1.341,378.75,-10.09,16.675,1.9388,62.94,14.88,24.54,26.95,2.575,2749.6,81.63221
2019-02-14,54.41,-0.28,64.57,1.5085,1.326,374.75,-10.09,16.925,1.9716,64.28,15.74,25.0,27.41,2.573,2743.4,81.778931
2019-02-15,55.59,-0.28,66.25,1.5729,1.329,374.75,-10.09,16.325,2.0203,64.87,16.83,25.48,27.82,2.625,2777.1,82.55162800000001
2019-02-19,56.09,-0.02,66.45,1.5638,1.314,369.75,-14.5,16.325,1.9946,65.79,16.29,24.78,27.17,2.662,2778.7,82.93309
2019-02-20,56.92,-0.01,67.08,1.5981,1.327,370.75,-13.0,15.575,2.0183,65.97,16.78,24.87,27.26,2.636,2787.0,83.559067
2019-02-21,56.96,-0.04,67.07,1.6144,1.344,375.5,-12.8,15.875,2.0363,66.5,17.12,25.17,27.56,2.697,2774.2,82.629875
2019-02-22,57.26,-0.13,67.12,1.6112,1.346,375.25,-12.8,15.175,2.0311,66.56,16.79,25.03,27.42,2.717,2791.2,83.451477
2019-02-25,55.48,-0.39,64.76,1.5452,1.34,370.5,-12.85,15.575,1.9746,65.36,15.93,24.93,27.3,2.836,2797.1,83.118927
2019-02-26,55.5,-0.21,65.21,1.5863,1.337,366.25,-11.95,15.725,1.9985,64.08,16.76,25.11,27.46,2.855,2791.5,82.561409
2019-02-27,56.94,-0.47,66.39,1.634,1.339,363.75,-11.9,15.675,2.0216,64.97,16.87,25.03,27.4,2.799,2795.1,81.270309
2019-02-28,57.22,-0.53,66.31,1.6293,1.327,362.0,-11.75,15.575,2.0235,65.28,16.25,25.04,27.4,2.812,2784.7,79.77381899999999
2019-03-01,55.8,-0.61,65.07,1.7303,1.338,364.0,-10.36,14.825,2.001,65.32,16.74,25.03,28.11,2.859,2805.0,81.074699
2019-03-04,56.59,-0.46,65.67,1.749,1.342,365.0,-10.716,15.275,2.0143,64.86,16.74,25.03,27.9,2.857,2791.6,80.72258000000001
2019-03-05,56.56,-0.46,65.86,1.7674,1.335,366.0,-10.836,15.475,2.0164,64.98,17.47,25.79,28.01,2.884,2791.5,79.372803
2019-03-06,56.22,-0.3,65.99,1.789,1.344,362.5,-10.911,16.075,2.0162,65.04,18.53,26.06,28.28,2.841,2771.4,79.56841999999999
2019-03-07,56.66,-0.15,66.3,1.8054,1.318,356.0,-10.993,16.725,2.0127,65.57,18.74,25.56,27.82,2.866,2750.0,78.825066
2019-03-08,56.07,-0.11,65.74,1.8017,1.299,354.75,-10.982,16.675,1.9998,64.78,19.08,25.65,27.85,2.865,2747.0,78.00346400000001
2019-03-11,56.79,-0.01,66.58,1.826,1.293,352.5,-10.983,15.025,1.9942,66.01,19.31,24.98,27.19,2.772,2784.0,81.651779
2019-03-12,56.87,-0.07,66.67,1.8155,1.311,356.5,-10.708,14.475,1.9857,66.3,18.95,24.67,26.89,2.784,2792.1,82.013672
2019-03-13,58.26,-0.17,67.55,1.8568,1.33,357.25,-10.739,14.075,1.9921,66.6,19.17,23.98,26.19,2.82,2814.5,82.37557199999999
2019-03-14,58.61,-0.2,67.23,1.8495,1.355,361.5,-10.665,13.925,1.9849,67.29,18.8,23.65,25.83,2.855,2807.3,83.079803
2019-03-15,58.52,-0.22,67.16,1.8577,1.382,373.25,-10.604,13.475,1.9677,66.91,19.03,23.37,25.5,2.795,2811.89,83.216736
2019-03-18,59.09,-0.27,67.54,1.8828,1.424,371.5,-10.604,12.925,1.969,66.87,19.26,23.14,25.26,2.85,2840.6,84.85015899999999
2019-03-19,59.03,-0.26,67.61,1.8931,1.409,371.25,-10.604,15.125,1.9904,67.25,19.49,23.64,25.69,2.874,2836.5,84.537163
2019-03-20,59.83,-0.31,68.5,1.9166,1.408,371.5,-10.5,15.325,2.0081,67.54,19.5,23.57,25.61,2.82,2827.0,84.546951
2019-03-21,59.98,-0.36,67.86,1.9203,1.408,376.25,-9.6,15.075,1.9871,67.78,19.64,23.34,25.4,2.821,2862.6,84.488258
2019-03-22,59.04,-0.36,67.03,1.9259,1.419,378.25,-9.5,16.725,1.9659,66.67,19.98,23.34,25.42,2.753,2810.7,82.776588
2019-03-25,58.82,-0.33,67.21,1.9379,1.418,379.75,-9.05,16.825,1.9804,66.19,20.15,23.53,25.61,2.755,2807.0,83.607979
2019-03-26,59.94,-0.41,67.97,1.9557,1.41,377.25,-9.15,15.925,1.9899,67.03,20.09,23.41,25.48,2.74,2823.0,85.09468100000001
2019-03-27,59.41,-0.41,67.83,1.8955,1.373,373.75,-9.3,16.225,1.9806,67.15,19.8,23.43,25.49,2.713,2810.5,84.136147
2019-03-28,59.3,-0.38,67.82,1.8799,1.38,374.0,-9.3,15.625,1.972,66.38,19.74,23.4,25.47,2.712,2821.0,82.972206
2019-03-29,60.14,-0.36,67.58,1.8956,1.345,356.5,-9.4,15.225,1.9734,67.23,19.73,23.37,25.44,2.662,2837.8,82.972206
2019-04-01,61.59,-0.34,69.01,1.8989,1.338,361.75,-8.206,14.875,1.9881,68.31,18.13,23.36,21.88,2.708,2870.5,84.537163
2019-04-02,62.58,-0.34,69.37,1.9285,1.328,361.5,-8.2,14.875,2.0089,68.83,18.4,23.36,21.79,2.684,2867.1,82.600525
2019-04-03,62.46,-1.06,69.31,1.9512,1.31,362.75,-8.196,14.875,2.0068,69.12,19.36,19.77,21.81,2.677,2879.8,82.414688
2019-04-04,62.1,-1.17,69.4,1.9399,1.304,365.25,-8.296,14.775,2.0134,68.76,19.25,20.35,22.35,2.643,2882.7,82.502716
2019-04-05,63.08,-1.37,70.34,1.9687,1.302,362.5,-8.234,14.325,2.0424,69.02,19.44,20.51,22.54,2.664,2896.0,84.791481
2019-04-08,64.4,-1.55,71.1,1.988,1.315,360.0,-8.229,14.475,2.0571,70.33,19.1,20.01,22.05,2.708,2898.3,84.312202
2019-04-09,63.98,-2.0,70.61,1.999,1.308,360.0,-8.366,15.075,2.0449,70.35,19.71,19.95,21.97,2.699,2882.6,83.246078
2019-04-10,64.61,-2.55,71.73,2.0692,1.327,361.75,-8.517,14.425,2.0876,70.31,21.24,20.68,22.73,2.7,2894.5,86.49337
2019-04-11,63.58,-3.16,70.83,2.0309,1.337,360.0,-8.592,13.825,2.0672,70.41,20.87,20.75,22.83,2.664,2891.8,87.090012
2019-04-12,63.89,-3.23,71.55,2.037,1.33,361.0,-8.59,12.775,2.0707,70.44,20.83,20.59,22.72,2.66,2912.5,86.47380799999999
2019-04-15,63.4,-2.99,71.18,2.0118,1.335,362.75,-8.609,12.575,2.061,70.21,20.52,20.62,22.76,2.59,2909.5,85.730453
2019-04-16,64.05,-3.12,71.72,2.0317,1.323,359.0,-8.609,12.575,2.0822,70.11,20.61,20.74,22.87,2.572,2911.4,86.38578000000001
2019-04-17,63.76,-3.42,71.62,2.0418,1.332,358.25,-8.609,14.625,2.0692,70.81,20.93,20.65,22.78,2.517,2900.4,87.461685
2019-04-18,64.0,-3.29,71.97,2.0722,1.333,358.5,-10.6,14.425,2.0709,70.83,21.34,20.59,22.73,2.49,2909.9,86.111908
2019-04-22,65.7,-3.29,74.04,2.1298,1.334,354.75,-10.6,14.175,2.104,72.44,21.64,20.55,22.68,2.524,2912.6,89.153801
2019-04-23,66.3,-3.3,74.51,2.1316,1.331,351.25,-11.75,14.125,2.118,73.37,21.45,20.52,22.64,2.455,2938.1,88.302849
2019-04-24,65.89,-3.44,74.57,2.1285,1.303,346.75,-12.15,14.575,2.0987,73.43,21.52,20.45,22.54,2.462,2930.8,85.808701
2019-04-26,63.3,-3.67,72.15,2.1006,1.342,351.25,-12.45,14.325,2.0512,72.38,21.75,20.55,22.66,2.566,2941.5,88.107231
2019-04-29,63.5,-3.68,72.04,2.0828,1.336,352.0,-12.45,14.525,2.0549,71.07,21.66,20.53,22.65,2.593,2942.9,87.637741
2019-04-30,63.91,-3.68,72.06,2.1232,1.32,353.25,-12.45,14.425,2.0812,71.91,21.73,20.55,22.68,2.575,2948.5,88.67453
2019-05-01,63.6,-3.7,72.18,2.0642,1.312,360.0,-12.282,15.225,2.0942,72.0,23.07,20.56,24.33,2.62,2923.1,87.804024
2019-05-02,61.81,-3.7,70.75,2.0183,1.319,362.0,-12.169,15.175,2.0778,70.98,22.94,20.56,25.38,2.589,2917.6,86.317307
2019-05-03,61.94,-2.98,70.85,2.0265,1.319,363.0,-12.455,14.275,2.0702,70.61,23.13,23.03,24.97,2.567,2947.6,86.503151
2019-05-06,62.25,-3.1,71.24,1.9966,1.325,355.75,-12.971,15.525,2.0676,70.23,21.76,22.65,24.59,2.524,2932.4,84.498047
2019-05-07,61.4,-3.72,69.88,1.9487,1.332,358.0,-12.865,17.875,2.0376,70.45,20.82,22.27,24.26,2.537,2890.8,82.512505
2019-05-08,62.12,-3.81,70.37,1.975,1.324,355.25,-12.813,18.175,2.0562,69.88,21.12,22.27,24.32,2.61,2887.2,80.595428
2019-05-09,61.7,-3.7,70.39,1.9754,1.3,344.5,-12.913,17.975,2.0436,69.66,21.43,22.17,24.23,2.595,2872.7,79.949883
2019-05-10,61.66,-3.3,70.62,1.9891,1.3,342.5,-12.971,16.125,2.0504,70.66,21.85,22.43,24.45,2.619,2886.9,81.896301
2019-05-13,61.04,-3.25,70.23,1.9637,1.305,347.5,-13.14,19.525,2.0384,71.21,21.55,22.45,24.51,2.621,2807.1,79.627113
2019-05-14,61.78,-3.38,71.24,1.9767,1.333,360.5,-13.244,18.125,2.0589,70.66,21.43,22.49,24.58,2.659,2839.2,82.05024
2019-05-15,62.02,-3.21,71.77,2.0127,1.329,369.5,-13.138,16.925,2.0863,71.26,22.11,22.98,25.06,2.601,2855.0,82.45575
2019-05-16,62.87,-3.21,72.62,2.0618,1.342,379.0,-13.094,15.725,2.1232,72.61,22.74,23.39,25.43,2.639,2878.6,84.532715
2019-05-17,62.76,-3.04,72.21,2.0473,1.364,383.25,-13.094,15.875,2.0955,72.57,22.51,22.89,24.95,2.631,2862.0,82.792015
2019-05-20,63.1,-2.9,71.97,2.0099,1.38,389.0,-13.094,16.125,2.0736,72.47,21.75,22.36,24.45,2.673,2843.9,81.179893
2019-05-21,62.99,-2.8,72.18,2.0193,1.392,394.25,-15.75,15.025,2.0794,71.71,21.92,22.48,24.57,2.613,2866.1,81.565613
2019-05-22,61.42,-2.63,70.99,1.9912,1.367,394.5,-15.75,16.225,2.0491,71.03,22.1,22.63,24.72,2.543,2857.4,79.468864
2019-05-23,57.91,-2.68,67.76,1.9133,1.35,389.75,-16.35,17.325,1.9624,68.56,22.15,22.57,24.67,2.578,2819.4,74.583038
2019-05-24,58.63,-2.53,68.69,1.9345,1.397,404.25,-16.35,16.725,1.9713,67.4,22.19,22.5,24.6,2.598,2831.8,75.384155
2019-05-28,59.14,-2.47,70.11,1.9567,1.481,420.25,-17.3,17.375,1.9925,68.84,22.28,22.57,24.67,2.582,2805.1,74.266541
2019-05-29,58.81,-2.51,69.45,1.9452,1.47,418.75,-16.5,17.775,1.9675,67.75,22.25,22.48,24.57,2.633,2780.1,74.03907
2019-05-30,56.59,-2.53,66.87,1.8786,1.52,436.25,-16.6,17.425,1.915,67.1,22.2,22.49,24.57,2.547,2790.4,72.070892
2019-05-31,53.5,-2.54,61.99,1.802,1.517,427.0,-15.15,18.175,1.8418,64.15,22.19,22.5,24.57,2.454,2752.6,69.627975
2019-06-03,53.25,-2.55,61.28,1.7413,1.513,424.25,-13.47,18.275,1.8065,61.61,19.84,22.5,22.58,2.403,2749.6,71.21043399999999
2019-06-04,53.48,-2.55,61.97,1.7242,1.513,425.25,-13.25,17.225,1.8215,61.63,18.94,22.5,22.96,2.416,2804.9,73.040138
2019-06-05,51.68,-0.32,60.63,1.6928,1.513,414.75,-13.4,16.625,1.78,61.04,19.38,21.09,23.01,2.378,2827.7,72.337929
2019-06-06,52.59,-0.27,61.67,1.7076,1.488,420.5,-14.0,16.475,1.7883,60.88,19.13,20.66,22.54,2.324,2845.7,73.653343
2019-06-07,53.99,-0.37,63.29,1.7389,1.482,415.75,-13.838,16.725,1.8248,62.71,19.05,20.76,22.64,2.337,2874.9,73.9105
2019-06-10,53.26,-0.39,62.29,1.7303,1.473,415.75,-13.623,16.375,1.8063,63.01,19.32,20.67,22.58,2.357,2889.2,75.028099
2019-06-11,53.27,-0.51,62.29,1.7563,1.515,427.75,-13.348,16.475,1.8221,62.56,20.06,21.07,23.03,2.399,2886.9,75.522621
2019-06-12,51.14,-0.57,59.97,1.6861,1.512,430.0,-13.073,16.325,1.7799,61.01,19.53,21.3,23.26,2.386,2881.0,75.661079
2019-06-13,52.28,-0.6,61.31,1.7199,1.549,442.0,-12.966,16.125,1.8066,61.51,19.69,21.28,23.25,2.325,2894.4,76.41275
2019-06-14,52.51,-0.59,62.01,1.7325,1.61,453.0,-12.876,15.775,1.8294,61.25,19.85,21.74,23.65,2.387,2890.6,75.918236
2019-06-17,51.93,-0.57,60.94,1.6908,1.603,454.75,-12.876,15.275,1.7995,61.6,19.28,21.38,23.32,2.386,2891.9,76.086365
2019-06-18,53.9,-0.49,62.14,1.7214,1.6,449.75,-12.876,15.075,1.8278,61.43,18.98,21.01,22.97,2.328,2921.7,76.946831
2019-06-19,53.76,-0.52,61.82,1.7355,1.563,441.0,-13.75,15.875,1.8294,62.21,19.27,21.12,23.06,2.276,2929.1,77.302879
2019-06-20,56.65,-0.54,64.45,1.7863,1.592,450.0,-13.65,16.125,1.8843,63.95,18.94,20.83,22.79,2.185,2955.7,78.875443
2019-06-21,57.43,-0.53,65.2,1.8561,1.575,442.25,-13.65,16.525,1.9158,65.29,19.72,21.09,23.08,2.186,2950.6,81.01175699999999
2019-06-24,57.9,-0.53,64.86,1.8549,1.575,446.75,-13.2,16.275,1.9089,65.05,19.59,20.94,22.89,2.303,2952.1,79.874367
2019-06-25,57.83,-0.55,65.05,1.8772,1.58,447.5,-12.95,16.675,1.9234,64.79,19.79,21.11,23.02,2.308,2922.1,80.734825
2019-06-26,59.38,-0.63,66.49,1.9704,1.567,443.25,-13.0,16.525,1.9713,65.6,20.14,21.17,23.09,2.291,2917.9,83.998634
2019-06-27,59.43,-0.6,66.55,1.9466,1.561,440.0,-13.0,16.075,1.9525,65.61,20.04,21.1,23.01,2.324,2930.9,83.00960500000001
2019-06-28,58.47,-0.57,64.74,1.9425,1.505,420.25,-13.3,15.525,1.9446,65.6,20.08,21.14,23.04,2.308,2944.2,84.671181
